,player_id,player,position,team,salary,roster_id
0,5870,Daniel Jones,QB,NYG,0,6
1,1347,Chris Gragg,TE,,0,999
2,3396,Charone Peake,WR,,0,999
3,6343,Manny Wilkins,QB,,0,999
4,3199,Michael Thomas,WR,NO,0,999
5,1850,Tajh Boyd,QB,,0,999
6,6487,Charles Scarff,TE,,0,999
7,6898,Anthony Gordon,QB,KC,0,999
8,2817,Daniel Rodriguez,WR,,0,999
9,3210,Cardale Jones,QB,,0,999
10,5781,Malik Turner,WR,DAL,0,999
11,6992,Michael Warren,RB,DET,0,999
12,2041,Torrence Allen,WR,,0,999
13,2286,Andrew Furney,K,,0,999
14,WAS,,DEF,WAS,0,999
15,2050,Branden Oliver,RB,,0,999
16,256,Rian Lindell,K,,0,999
17,1154,Ryan Broyles,WR,,0,999
18,4981,Calvin Ridley,WR,ATL,0,6
19,4614,Riley McCarron,WR,,0,999
20,3573,Brandon Wilds,RB,,0,999
21,6374,Drew Belcher,TE,,0,999
22,2025,Albert Wilson,WR,MIA,0,999
23,4218,Trent Taylor,WR,CIN,0,999
24,7609,Demetric Felton,RB,CLE,0,999
25,7515,Sergio Castillo,K,,0,999
26,2446,MyCole Pruitt,TE,SF,0,999
27,2653,Brian Parker,TE,,0,999
28,4861,Kent Taylor,TE,,0,999
29,5076,John Kelly,RB,CLE,0,999
30,4522,Carlton Agudosi,WR,,0,999
31,6031,Alex Barnes,RB,,0,999
32,533,Colt McCoy,QB,ARI,0,999
33,1450,Ace Sanders,WR,,0,999
34,1275,Jonathan Grimes,RB,,0,999
35,7619,Mathew Sexton,WR,PIT,0,999
36,516,Aaron Hernandez,TE,,0,999
37,4244,Devante Mays,RB,,0,999
38,4376,Michael Clark,WR,,0,999
39,2788,Nick Harwell,WR,,0,999
40,5661,Chris Lacy,WR,CHI,0,999
41,4089,Gerald Everett,TE,SEA,0,10
42,ARI,,DEF,ARI,0,999
43,4574,Cooper Rush,QB,DAL,0,999
44,5255,Teo Redding,WR,,0,999
45,4373,Stanley Williams,RB,,0,999
46,6068,Devine Ozigbo,RB,JAX,0,999
47,7602,Kylen Granson,TE,IND,0,999
48,6279,Brandon Dillon,TE,MIN,0,999
49,3253,Leonte Carroo,WR,,0,999
50,2634,Mack Brown,RB,,0,999
51,670,Kassim Osgood,WR,,0,999
52,2907,Ben Edwards,WR,,0,999
53,111,Marcedes Lewis,TE,GB,0,999
54,6446,Jon Hilliman,RB,,0,999
55,7064,Darrynton Evans,RB,TEN,0,999
56,7594,Chuba Hubbard,RB,CAR,0,10
57,2145,Chase Rettig,QB,,0,999
58,7108,Hasise Dubois,WR,,0,999
59,175,Jordy Nelson,WR,,0,999
60,4036,Corey Davis,WR,NYJ,0,3
61,6618,Isaiah Searight,TE,,0,999
62,7094,Lirim Hajrullahu,K,CAR,0,999
63,6271,Olamide Zaccheaus,WR,ATL,0,999
64,2560,Zach Zenner,RB,,0,999
65,2752,Trent Steelman,WR,,0,999
66,2392,Sammie Coates,WR,,0,999
67,2711,Taylor Heinicke,QB,WAS,0,999
68,5208,Matt Linehan,QB,,0,999
69,6311,Patrick Laird,RB,MIA,0,999
70,5163,Ryan Nall,RB,CHI,0,999
71,695,Ted Ginn,WR,,0,999
72,7551,Deon Jackson,RB,IND,0,999
73,5609,Stephen Baggett,TE,,0,999
74,4179,Joshua Dobbs,QB,PIT,0,999
75,2702,John Chiles,WR,,0,999
76,5804,Julian Williams,WR,,0,999
77,8074,Matt Seybert,TE,LAC,0,999
78,2119,James Franklin,QB,,0,999
79,3655,Reginald Diggs,WR,,0,999
80,3877,Kelsey Young,RB,,0,999
81,58,Greg Olsen,TE,,0,999
82,5756,Garrett Dickerson,TE,,0,999
83,7733,Josh Pederson,TE,NO,0,999
84,945,Kevin Cone,WR,,0,999
85,830,A.J. Green,WR,ARI,0,999
86,5384,Jonah Trinnaman,WR,,0,999
87,7553,Kyle Pitts,TE,ATL,0,4
88,2075,Dustin Vaughan,QB,,0,999
89,1985,Marcel Jensen,TE,,0,999
90,769,Jordan Norwood,WR,,0,999
91,7351,Kirk Merritt,WR,MIA,0,999
92,2567,Bryan Bennett,QB,,0,999
93,936,Matt Asiata,RB,,0,999
94,6089,Daniel Helm,TE,,0,999
95,4599,Michael Rector,WR,,0,999
96,1406,Reggie Dunn,WR,,0,999
97,3852,Jaydon Mickens,WR,TB,0,999
98,7608,Khalil Herbert,RB,CHI,0,5
99,2686,Khari Lee,TE,DET,0,999
100,1339,Zach Ertz,TE,PHI,0,999
101,954,Cam Newton,QB,NE,0,999
102,1020,Terrelle Pryor,WR,,0,999
103,2601,Andre Davis,WR,,0,999
104,7340,Brandon Polk,WR,,0,999
105,5638,Shaq Roland,WR,CHI,0,999
106,6845,Zack Moss,RB,BUF,0,9
107,145,Rashard Mendenhall,RB,,0,999
108,940,Andre Holmes,WR,,0,999
109,1848,James White,RB,NE,0,999
110,6954,Cole McDonald,QB,ARI,0,999
111,1109,Chandler Harnish,QB,,0,999
112,7334,Earnest Edwards IV,WR,,0,999
113,5663,Shane Wimann,RB,,0,999
114,5295,De'Mornay Pierson-El,WR,DEN,0,999
115,4768,Adam Zaruba,TE,,0,999
116,5536,Dontrell Hilliard,RB,HOU,0,999
117,7176,Caleb Repp,TE,,0,999
118,6269,Kyle Shurmur,QB,CIN,0,999
119,4362,Cethan Carter,TE,MIA,0,999
120,1654,Zach Sudfeld,TE,,0,999
121,6703,Andrew Wellock,K,,0,999
122,6091,Jovon Durante,WR,,0,999
123,8087,K.J. Costello,QB,LAC,0,999
124,3041,Ross Travis,TE,ARI,0,999
125,118,Sebastian Janikowski,K,,0,999
126,2585,Thomas Rawls,RB,,0,999
127,4666,Younghoe Koo,K,ATL,0,10
128,362,David Johnson,TE,,0,999
129,1352,Robert Woods,WR,LAR,0,10
130,6918,Salvon Ahmed,RB,MIA,0,999
131,1550,Ryan Griffin,QB,TB,0,999
132,5967,Tony Pollard,RB,DAL,0,6
133,49,Robbie Gould,K,SF,0,999
134,5587,Chris Warren III,RB,,0,999
135,4704,Tyler Ferguson,QB,,0,999
136,1804,Carey Spear,K,,0,999
137,2303,Josh Harris,RB,,0,999
138,6637,Nico Evans,RB,PHI,0,999
139,3673,Nick Rose,K,,0,999
140,4455,Matt Breida,RB,BUF,0,999
141,6111,Jake Browning,QB,MIN,0,999
142,7961,Jose Borregales,K,TB,0,999
143,7890,Javon McKinley,WR,DET,0,999
144,3286,Demarcus Robinson,WR,KC,0,999
145,6906,Antonio Gandy-Golden,WR,WAS,0,999
146,2537,Mario Alford,WR,,0,999
147,5808,Connor Jessop,QB,,0,999
148,386,Brandon Lloyd,WR,,0,999
149,4330,JoJo Natson,WR,CLE,0,999
150,659,Cedric Peerman,RB,,0,999
151,3804,Darrin Peterson,WR,,0,999
152,7100,Derrick Dillon,WR,NYG,0,999
153,5425,John Diarse,WR,,0,999
154,2142,Rajion Neal,RB,,0,999
155,5785,James Butler,RB,,0,999
156,7915,Landen Akers,WR,LAR,0,999
157,3653,Brandon Williams,TE,,0,999
158,7559,Ihmir Smith-Marsette,WR,MIN,0,999
159,3570,Brandon Ross,RB,,0,999
160,7063,Shea Patterson,QB,,0,999
161,8068,C.J. Saunders,WR,CAR,0,999
162,92,Andre Johnson,WR,,0,999
163,1200,Austin Davis,QB,,0,999
164,3461,Russell Hansbrough,RB,,0,999
165,5800,Justin Stockton,RB,,0,999
166,1967,Seth Lobato,QB,,0,999
167,143,John Carlson,TE,,0,999
168,6203,Valentine Holmes,RB,,0,999
169,7992,Matt Bushman,TE,LV,0,999
170,2011,Juwan Thompson,RB,,0,999
171,4665,Eli Jenkins,QB,LAC,0,999
172,4504,John Robinson-Woodgett,RB,,0,999
173,380,Rashad Jennings,RB,,0,999
174,1166,Kirk Cousins,QB,MIN,0,999
175,3475,Keyarris Garrett,WR,,0,999
176,1792,Kadron Boone,WR,,0,999
177,7105,Ramiz Ahmed,K,,0,999
178,2088,Andre Williams,RB,,0,999
179,6153,Dexter Williams,RB,GB,0,999
180,1137,Juron Criner,WR,,0,999
181,5251,Tyler Davis,K,,0,999
182,7622,Sammis Reyes,TE,WAS,0,999
183,3470,Paul McRoberts,WR,,0,999
184,6779,Jordan Harris,WR,LAR,0,999
185,3644,Lawrence Thomas,RB,,0,999
186,1833,Damien Williams,RB,CHI,0,999
187,1495,Ryan Nassib,QB,,0,999
188,6443,Eric Dungey,QB,CIN,0,999
189,78,Ahmad Bradshaw,RB,,0,999
190,3686,Joe Sommers,TE,,0,999
191,6926,Brycen Hopkins,TE,LAR,0,999
192,1299,Kyle Miller,TE,,0,999
193,904,DeMarco Murray,RB,,0,999
194,661,Alex Smith,TE,,0,999
195,2582,Cole Stoudt,QB,,0,999
196,7084,Jake Luton,QB,JAX,0,999
197,761,Brian St Pierre,QB,,0,999
198,6039,Ty Johnson,RB,NYJ,0,999
199,5833,Kevin O'Connell,QB,,0,999
200,6139,Jace Sternberger,TE,GB,0,999
201,6985,Dezmon Patmon,WR,IND,0,999
202,2410,Jamison Crowder,WR,NYJ,0,8
203,8070,Travis Toivonen,WR,SEA,0,999
204,87,Jeff King,TE,,0,999
205,1903,Taylor Gabriel,WR,,0,999
206,222,Josh Morgan,WR,,0,999
207,5806,John Wolford,QB,LAR,0,999
208,4930,Franko House,TE,CHI,0,999
209,3209,Devontae Booker,RB,NYG,0,9
210,4699,Kevin Snead,WR,,0,999
211,4821,Jamari Staples,WR,,0,999
212,928,Randall Cobb,WR,GB,0,10
213,7954,Connor Wedington,WR,SEA,0,999
214,24,Matt Ryan,QB,ATL,0,10
215,1126,Brock Osweiler,QB,,0,999
216,2561,Anthony Boone,QB,,0,999
217,2485,Kaelin Clay,WR,,0,999
218,2185,Corey Brown,WR,,0,999
219,1050,Marcus Thigpen,WR,,0,999
220,5624,Keith Ford,RB,,0,999
221,2845,Tevin Westbrook,TE,,0,999
222,138,Ben Roethlisberger,QB,PIT,0,1
223,3214,Hunter Henry,TE,NE,0,6
224,2191,Marcus Lucas,WR,,0,999
225,2408,Bryce Petty,QB,,0,999
226,2913,Gavin Lutman,WR,,0,999
227,1296,Cory Harkey,TE,,0,999
228,7604,Tamorrion Terry,WR,SEA,0,999
229,7617,Matt Ammendola,K,NYJ,0,999
230,5391,Steven Dunbar,WR,,0,999
231,6700,Marcelias Sutton,RB,SEA,0,999
232,4941,Dontre Wilson,WR,LAC,0,999
233,96,Aaron Rodgers,QB,GB,0,4
234,2121,T.J. Jones,WR,,0,999
235,7584,Brennan Eagles,WR,DAL,0,999
236,4924,Zach Terrell,QB,BAL,0,999
237,7874,Jeremiah Haydel,WR,LAR,0,999
238,6161,LJ Scott,RB,CLE,0,999
239,7922,Riley Patterson,K,MIN,0,999
240,7062,Rodrigo Blankenship,K,IND,0,9
241,2930,Justin Tukes,TE,,0,999
242,899,Dan Bailey,K,,0,1
243,14,Sidney Rice,WR,,0,999
244,4139,Amara Darboh,WR,DEN,0,999
245,1411,Landry Jones,QB,,0,999
246,4807,Mike Estes,TE,,0,999
247,7455,John Hurst,WR,LAC,0,999
248,3506,Ryan Malleck,TE,,0,999
249,2948,Brandon Cottom,RB,,0,999
250,2578,John Harris,WR,,0,999
251,148,Andre Caldwell,WR,,0,999
252,669,Arian Foster,RB,,0,999
253,250,Matt Spaeth,TE,,0,999
254,2750,DeAndre Carter,WR,WAS,0,999
255,2020,Cairo Santos,K,CHI,0,999
256,655,Anquan Boldin,WR,,0,999
257,2306,Jameis Winston,QB,NO,0,6
258,3347,Jake Rudock,QB,,0,999
259,4738,Colby Pearson,WR,,0,999
260,5113,Cedrick Wilson,WR,DAL,0,999
261,5045,Courtland Sutton,WR,DEN,0,7
262,3622,Mose Frazier,WR,,0,999
263,4770,Duplicate Player,WR,,0,999
264,98,Fred Davis,TE,,0,999
265,247,Harry Douglas,WR,,0,999
266,5880,Parris Campbell,WR,IND,0,999
267,6742,Marquis Young,RB,,0,999
268,3918,TJ Thorpe,WR,,0,999
269,2638,Reggie Bell,WR,,0,999
270,2284,Fred Williams,WR,,0,999
271,7201,Nick Vogel,K,,0,999
272,6595,Devlin Hodges,QB,LAR,0,999
273,3146,Swayze Waters,K,,0,999
274,2223,Charles Sims,RB,,0,999
275,2193,Darrin Reaves,RB,,0,999
276,3540,Jamaal Jones,WR,,0,999
277,7864,Artayvious Lynn,TE,DAL,0,999
278,5125,Damoun Patterson,WR,,0,999
279,7828,Noah Gray,TE,KC,0,999
280,2945,Lee Ward,RB,,0,999
281,229,Phil Dawson,K,,0,999
282,3596,Kivon Cartwright,TE,,0,999
283,5068,Kerryon Johnson,RB,PHI,0,999
284,4046,Patrick Mahomes,QB,KC,0,9
285,3846,Duke Williams,WR,BUF,0,999
286,565,Tony Moeaki,TE,,0,999
287,6401,T.J. Rahming,WR,,0,999
288,416,Jay Cutler,QB,,0,999
289,7541,Cornell Powell,WR,KC,0,5
290,ATL,,DEF,ATL,0,999
291,2255,Bruce Ellington,WR,,0,999
292,1709,Fozzy Whittaker,RB,,0,999
293,1219,Michael Floyd,WR,,0,999
294,240,Calvin Johnson,WR,,0,999
295,1929,Travis Coons,K,,0,999
296,5165,Quinton Flowers,QB,,0,999
297,2584,Austin Hill,WR,,0,999
298,5285,Ross Dwelley,TE,SF,0,999
299,2774,Shakim Phillips,WR,,0,999
300,5970,Greg Dortch,WR,ARI,0,999
301,5224,Taj Williams,WR,,0,999
302,7863,JaQuan Hardy,RB,DAL,0,999
303,5911,Jalen Hurd,WR,SF,0,999
304,2171,Freddie Martino,WR,,0,999
305,2932,Eric Frohnapfel,TE,,0,999
306,6007,Ryquell Armstead,RB,NYG,0,999
307,2118,Eric Ebron,TE,PIT,0,9
308,5733,Clayton Wilson,TE,,0,999
309,5697,Zach Olstad,RB,,0,999
310,6205,Brandon Silvers,QB,NYJ,0,999
311,650,Nick Folk,K,NE,0,999
312,6063,Tyron Johnson,WR,LAC,0,999
313,4164,Michael Roberts,TE,,0,999
314,5703,Deontez Alexander,WR,,0,999
315,7314,Dominik Eberle,K,LV,0,999
316,4198,Jamal Agnew,WR,JAX,0,999
317,6770,Joe Burrow,QB,CIN,0,1
318,2003,Bennie Fowler,WR,SF,0,999
319,2345,Dorial Green-Beckham,WR,,0,999
320,7859,Nick Eubanks,TE,DAL,0,999
321,6159,Mike Weber,RB,NYG,0,999
322,658,Mike Nugent,K,,0,999
323,558,Eric Decker,WR,,0,999
324,3948,Andrew Opoku,WR,,0,999
325,1346,Marquise Goodwin,WR,CHI,0,999
326,5977,Terry Godwin,WR,JAX,0,999
327,2767,Jawon Chisholm,RB,,0,999
328,4962,Sony Michel,RB,NE,0,999
329,4434,Brisly Estime,WR,,0,999
330,736,Joique Bell,RB,,0,999
331,1821,Matt Hazel,WR,,0,999
332,TEN,,DEF,TEN,0,999
333,7387,George Campbell,WR,,0,999
334,5347,Nyheim Hines,RB,IND,0,10
335,6701,Fred Trevillion,WR,,0,999
336,2106,David Fales,QB,NYJ,0,999
337,4622,Keelan Cole,WR,NYJ,0,6
338,5281,Troy Williams,QB,,0,999
339,4214,Shelton Gibson,WR,CAR,0,999
340,2254,Asante Cleveland,TE,,0,999
341,5709,Luis Perez,QB,,0,999
342,4229,Mason Schreck,TE,CIN,0,999
343,7234,Maurice Ffrench,WR,KC,0,999
344,71,Jason Avant,WR,,0,999
345,6195,Damon Sheehy-Guiseppi,WR,,0,999
346,7337,Easop Winston,WR,NO,0,999
347,5837,Redford Jones,K,,0,999
348,1939,Derel Walker,WR,,0,999
349,6663,Micah Wright,WR,NO,0,999
350,7523,Trevor Lawrence,QB,JAX,0,8
351,5548,Elijah Marks,WR,KC,0,999
352,1026,Bryce Brown,RB,,0,999
353,2282,Fitzgerald Toussaint,RB,,0,999
354,7583,Sam Ehlinger,QB,IND,0,999
355,1048,Lamar Miller,RB,WAS,0,999
356,5277,Deon Yelder,TE,TEN,0,999
357,4779,Bra'lon Cherry,WR,,0,999
358,7308,Nick Bowers,TE,LV,0,999
359,2341,T.J. Yeldon,RB,,0,999
360,6869,Adam Trautman,TE,NO,0,999
361,3908,Eric Wallace,TE,,0,999
362,4909,Duce Staley,RB,,0,999
363,6238,Tyree Mayfield,TE,,0,999
364,370,Nate Washington,WR,,0,999
365,2800,Mario Hull,WR,,0,999
366,1575,Andre Ellington,RB,,0,999
367,7623,Darece Roberson,WR,SEA,0,999
368,2880,Zach Laskey,RB,,0,999
369,7045,Joshua Kelley,RB,LAC,0,8
370,1724,Rashad Ross,WR,,0,999
371,5273,Kamryn Pettway,RB,MIN,0,999
372,4823,Keevan Lucas,WR,,0,999
373,5980,Myles Gaskin,RB,MIA,0,7
374,5107,Jaylen Samuels,RB,PIT,0,999
375,2399,Ty Montgomery,RB,NO,0,999
376,4342,Quincy Adeboyejo,WR,NE,0,999
377,5233,Marcus Baugh,TE,PIT,0,999
378,2950,Jack Tabb,TE,,0,999
379,6363,Michael Walker,WR,PHI,0,999
380,586,Mike Kafka,QB,,0,999
381,3639,Duplicate Player,WR,,0,999
382,5798,Darren Carrington,WR,,0,999
383,5762,Josh Smith,WR,NO,0,999
384,758,Shayne Graham,K,,0,999
385,2733,Kasey Closs,WR,,0,999
386,6318,Jordan Ellis,RB,,0,999
387,7121,Justin Rohrwasser,K,NE,0,999
388,5268,Ben Johnson,TE,,0,999
389,4787,Jordan Westerkamp,WR,,0,999
390,4285,Robert Davis,WR,LV,0,999
391,6588,Tom Kennedy,WR,DET,0,999
392,4526,Krishawn Hogan,WR,CAR,0,999
393,6554,Shawn Poindexter,WR,SF,0,999
394,1986,Storm Johnson,RB,,0,999
395,1338,Matt Barkley,QB,TEN,0,999
396,2074,Devin Street,WR,,0,999
397,6460,Cole Herdman,TE,,0,999
398,4234,Noah Brown,WR,DAL,0,999
399,176,Gary Barnidge,TE,,0,999
400,6662,Parker Hesse,TE,ATL,0,999
401,2247,Walter Powell,WR,,0,999
402,8019,Devontres Dukes,WR,DEN,0,999
403,7585,Davis Mills,QB,HOU,0,2
404,2152,Teddy Bridgewater,QB,DEN,0,9
405,7560,Pooka Williams,RB,CIN,0,999
406,2996,Logan Stokes,TE,,0,999
407,980,Colin Kaepernick,QB,,0,999
408,4004,Chris Briggs,TE,,0,999
409,2488,Evan Spencer,WR,,0,999
410,7938,Hunter Kampmoyer,TE,LAC,0,999
411,5112,Bo Scarbrough,RB,LV,0,999
412,2915,Taylor Pontius,K,,0,999
413,2576,Cody Fajardo,QB,,0,999
414,4125,Taywan Taylor,WR,HOU,0,999
415,194,Reggie Wayne,WR,,0,999
416,36,Matt Hasselbeck,QB,,0,999
417,775,Stephen Hauschka,K,,0,999
418,5265,Nic Shimonek,QB,,0,999
419,16,Ray Rice,RB,,0,999
420,5965,Miles Boykin,WR,BAL,0,999
421,3275,Ricardo Louis,WR,,0,999
422,963,Luke Stocker,TE,TEN,0,999
423,6313,Duplicate Player,WR,,0,999
424,2478,Keith Mumphery,WR,,0,999
425,4,Roddy White,WR,,0,999
426,6247,Jason Moore,WR,LAC,0,999
427,2773,Tyler Murphy,WR,,0,999
428,4563,Taylor McNamara,TE,,0,999
429,5850,Josh Jacobs,RB,LV,0,2
430,2295,Kevin Smith,WR,,0,999
431,2196,Brandon Coleman,WR,,0,999
432,5026,Tre'Quan Smith,WR,NO,0,999
433,4663,Austin Ekeler,RB,LAC,0,6
434,1479,Keenan Allen,WR,LAC,0,5
435,3768,Darius Powe,WR,,0,999
436,6240,Ron'quavion Tarver,WR,,0,999
437,3660,Valdez Showers,WR,,0,999
438,1704,Chase Reynolds,RB,,0,999
439,4189,Eric Saubert,TE,DEN,0,999
440,621,Sam Bradford,QB,,0,999
441,4541,Brandon Reilly,WR,,0,999
442,4636,Lenard Tillery,RB,,0,999
443,5070,Jordan Lasley,WR,,0,999
444,966,Austin Pettis,WR,,0,999
445,323,Jamaal Charles,RB,,0,999
446,7481,Chase Harrell,TE,SF,0,999
447,5127,Kyle Allen,QB,WAS,0,999
448,5167,Dalton Sturm,QB,,0,999
449,822,Tandon Doss,WR,,0,999
450,4445,Keon Hatcher,WR,,0,999
451,6744,Greg Ward,WR,PHI,0,3
452,3297,Tajae Sharpe,WR,ATL,0,999
453,1568,Stedman Bailey,WR,,0,999
454,7526,Jaylen Waddle,WR,MIA,0,5
455,5386,Matthew McCrane,K,CLE,0,999
456,289,Drew Brees,QB,,0,999
457,322,Antonio Gates,TE,,0,999
458,5192,Ralph Webb,RB,,0,999
459,3386,Thomas Duarte,TE,,0,999
460,2698,Abou Toure,RB,,0,999
461,5228,J.T. Barrett,QB,,0,999
462,1979,Blake Bortles,QB,GB,0,999
463,6165,Antoine Wesley,WR,ARI,0,999
464,5779,Blake Jackson,WR,,0,999
465,6539,Devontae Jackson,RB,,0,999
466,3780,Cedric O'Neal,RB,,0,999
467,5100,Jordan Wilkins,RB,IND,0,999
468,2545,Geoff Swaim,TE,TEN,0,999
469,4454,Kendrick Bourne,WR,NE,0,999
470,2621,Terron Ward,RB,,0,999
471,3584,Marcus Leak,WR,,0,999
472,2920,Jeret Smith,WR,,0,999
473,7021,Rico Dowdle,RB,DAL,0,999
474,391,Ryan Succop,K,TB,0,999
475,4985,Rashaad Penny,RB,SEA,0,999
476,3032,Lavance Taylor,RB,,0,999
477,151,Lavelle Hawkins,WR,,0,999
478,339,Brian Hartline,WR,,0,999
479,5247,David Marvin,K,,0,999
480,3657,Rob Kelley,RB,,0,999
481,2722,Jimmay Mundine,TE,,0,999
482,5289,Cameron Batson,WR,TEN,0,999
483,7320,Dalton Schoen,WR,KC,0,999
484,4708,Kevonn Mabon,WR,,0,999
485,5755,Duplicate Player,TE,,0,999
486,2133,Davante Adams,WR,GB,0,10
487,3380,Devin Lucien,WR,,0,999
488,6866,K.J. Hill,WR,LAC,0,999
489,4680,Larry Clark,WR,,0,999
490,7547,Amon-Ra St. Brown,WR,DET,0,5
491,165,Brandon Bostick,TE,,0,999
492,2203,Nic Jacobs,TE,,0,999
493,8038,Nick Guggemos,TE,WAS,0,999
494,7001,Brian Herrien,RB,,0,999
495,1185,Travaris Cadet,RB,,0,999
496,956,Mark Ingram,RB,HOU,0,999
497,171,Zach Miller,TE,,0,999
498,1502,Chris Thompson,RB,,0,999
499,1916,Martavis Bryant,WR,,0,999
500,7475,Napoleon Maxwell,RB,,0,999
501,3880,MJ McFarland,TE,,0,999
502,6021,Nick Brossette,RB,,0,999
503,968,Greg Salas,WR,,0,999
504,5539,Derrick Willies,WR,CLE,0,999
505,6790,D'Andre Swift,RB,DET,0,9
506,1777,Josh Hill,TE,,0,999
507,6342,Stephen Louis,WR,,0,999
508,1817,Sammy Watkins,WR,BAL,0,1
509,7565,Terrace Marshall,WR,CAR,0,10
510,2980,Eli Rogers,WR,,0,999
511,7903,Briley Moore-McKinney,TE,TEN,0,999
512,2903,Shane Carden,QB,,0,999
513,3036,Matt Lengel,TE,,0,999
514,7751,Dax Milne,WR,WAS,0,999
515,7735,Cary Angeline,TE,ARI,0,999
516,2530,Joey Iosefa,RB,,0,999
517,2566,Tyler Varga,RB,,0,999
518,1284,Lance Dunbar,RB,,0,999
519,387,Knowshon Moreno,RB,,0,999
520,582,Riley Cooper,WR,,0,999
521,2962,Zach D'Orazio,WR,,0,999
522,2754,Mike Johnson,WR,,0,999
523,5597,Brogan Roback,QB,,0,999
524,2609,RJ Archer,QB,,0,999
525,5962,KeeSean Johnson,WR,ARI,0,999
526,6219,Austin Seibert,K,CIN,0,999
527,5463,Mark Thompson,RB,,0,999
528,1855,Shaquelle Evans,WR,,0,999
529,5121,Braxton Berrios,WR,NYJ,0,999
530,2559,E.J. Bibbs,TE,,0,999
531,LAR,,DEF,LAR,0,3
532,3710,Jace Billingsley,WR,,0,999
533,3951,Justin Berger,WR,,0,999
534,1978,Tony Washington,WR,,0,999
535,2633,Trey Williams,RB,,0,999
536,5257,Tim Boyle,QB,DET,0,999
537,3242,Kenyan Drake,RB,LV,0,4
538,5254,Jimmy Williams,WR,,0,999
539,4323,Darrell Daniels,TE,ARI,0,999
540,2771,Jimmie Hunt,WR,,0,999
541,200,Vernon Davis,TE,,0,999
542,6308,Ian Bunting,TE,ARI,0,999
543,1264,Justin Tucker,K,BAL,0,7
544,794,Kamar Aiken,WR,,0,999
545,7279,DeMichael Harris,WR,IND,0,999
546,4435,Anthony Firkser,TE,TEN,0,999
547,7549,CJ Marable,RB,CHI,0,999
548,3805,Jon Brown,K,,0,999
549,2562,John Crockett,RB,,0,999
550,3273,Malcolm Mitchell,WR,,0,999
551,4160,Josh Malone,WR,NYJ,0,999
552,2002,Isaiah Burse,WR,,0,999
553,7173,Jalen McCleskey,WR,NO,0,999
554,2654,Jaxon Shipley,WR,,0,999
555,4814,De'Quan Hampton,TE,TB,0,999
556,5570,Chad Beebe,WR,MIN,0,999
557,2161,Jerick McKinnon,RB,KC,0,999
558,7397,Parker Houston,TE,,0,999
559,2024,Charcandrick West,RB,,0,999
560,6593,Spencer Schnell,WR,,0,999
561,574,Dez Bryant,WR,,0,999
562,64,Owen Daniels,TE,,0,999
563,4995,Ian Thomas,TE,CAR,0,999
564,5132,Steven Mitchell,WR,,0,999
565,866,Cecil Shorts,WR,,0,999
566,626,Jim Dray,TE,,0,999
567,6496,Cole Hedlund,K,,0,999
568,4456,KD Cannon,WR,,0,999
569,4451,Isaac Whitney,WR,ARI,0,999
570,973,Anthony Sherman,RB,,0,999
571,4752,Fred Brown,WR,TEN,0,999
572,6789,Henry Ruggs,WR,LV,0,2
573,4175,Chad Hansen,WR,DET,0,999
574,3344,David Morgan,TE,,0,999
575,3366,Kelvin Taylor,RB,,0,999
576,2283,James Wilder,RB,,0,999
577,6334,Damarea Crockett,RB,DEN,0,999
578,8021,Branden Mack,WR,DEN,0,999
579,2189,Tyler Gaffney,RB,NE,0,999
580,1587,Vance McDonald,TE,,0,999
581,4835,Darrius Sims,RB,,0,999
582,1644,Jeff Tuel,QB,,0,999
583,3929,Terry Williams,RB,,0,999
584,5889,Bryce Love,RB,,0,999
585,5906,Dawson Knox,TE,BUF,0,999
586,6234,Deonte Harris,WR,NO,0,999
587,7080,Omar Bayless,WR,CAR,0,999
588,2125,Andrew Peacock,WR,,0,999
589,7757,Ben Skowronek,WR,LAR,0,999
590,5744,Eldridge Massington,WR,NO,0,999
591,567,Jacoby Ford,WR,,0,999
592,2941,Milton Williams,WR,,0,999
593,4162,Ryan Switzer,WR,CLE,0,999
594,7008,Brian Lewerke,QB,,0,999
595,3923,Franky Okafor,WR,,0,999
596,7227,Artavis Pierce,RB,CHI,0,999
597,915,Roy Helu,RB,,0,999
598,3517,Hunter Sharp,WR,,0,999
599,1573,Zac Stacy,RB,,0,999
600,4197,Isaiah McKenzie,WR,BUF,0,999
601,6879,Quartney Davis,WR,IND,0,999
602,5294,Mikah Holder,WR,WAS,0,999
603,4923,Rushel Shell III,RB,PIT,0,999
604,6144,Trayveon Williams,RB,CIN,0,999
605,2835,Paul Lasike,RB,,0,999
606,8018,Shaun Beyer,TE,DEN,0,999
607,6453,D.J. Montgomery,WR,NYJ,0,999
608,3668,Joshua Perkins,TE,SF,0,999
609,860,Armon Binns,WR,,0,999
610,PIT,,DEF,PIT,0,999
611,3340,Jerell Adams,TE,TB,0,999
612,5820,BenJarvus Green-Ellis,RB,,0,999
613,34,Pierre Thomas,RB,,0,999
614,6850,Harrison Bryant,TE,CLE,0,999
615,7558,Whop Philyor,WR,MIN,0,999
616,1800,Jordan Matthews,TE,SF,0,999
617,1071,Mohamed Sanu,WR,SF,0,999
618,1107,Coby Fleener,TE,,0,999
619,6621,John Baron,K,,0,999
620,3520,Jay Lee,WR,,0,999
621,7038,Darius Anderson,RB,IND,0,999
622,1211,Rhett Ellison,TE,,0,999
623,3453,Josh Ferguson,RB,,0,999
624,3712,Adam Fuehne,TE,,0,999
625,2714,Gabe Holmes,TE,TEN,0,999
626,919,Aldrick Robinson,WR,,0,999
627,4050,Cyril Grayson,WR,TB,0,999
628,4650,Billy Brown,TE,,0,999
629,1322,Saalim Hakim,WR,,0,999
630,7951,BJ Emmons,RB,LV,0,999
631,32,Jacob Tamme,TE,,0,999
632,6984,Tony Jones,RB,NO,0,999
633,1715,Cooper Helfet,TE,,0,999
634,543,Garrett Graham,TE,,0,999
635,4338,Lavern Jacobs,WR,,0,999
636,3729,Herb Waters,WR,,0,999
637,3730,Tevin Jones,WR,JAX,0,999
638,7233,Andre Baccellia,WR,ARI,0,999
639,4544,Daikiel Shorts,WR,,0,999
640,3269,Chris Moore,WR,HOU,0,999
641,2028,Derek Carr,QB,LV,0,8
642,1945,Chris Boswell,K,PIT,0,3
643,2452,Jay Ajayi,RB,,0,999
644,5398,Justin Crawford,RB,,0,999
645,3688,Tra Carson,RB,,0,999
646,221,Brent Celek,TE,,0,999
647,1520,Michael Williams,TE,,0,999
648,4828,Rashard Davis,WR,TEN,0,999
649,82,Brandon Jacobs,RB,,0,999
650,745,Marshawn Lynch,RB,,0,999
651,4531,Ricky Seals-Jones,TE,WAS,0,999
652,6822,Jake Fromm,QB,BUF,0,999
653,4825,Freddie Brown,WR,,0,999
654,5007,Keke Coutee,WR,HOU,0,999
655,3378,Brandon Doughty,QB,,0,999
656,2374,Tyler Lockett,WR,SEA,0,3
657,1605,Emory Blake,WR,,0,999
658,4396,Drew Morgan,WR,,0,999
659,8027,Tre Harbison,RB,CLE,0,999
660,1330,Junior Hemingway,WR,,0,999
661,829,Andy Dalton,QB,CHI,0,999
662,5264,Blake Mack,TE,,0,999
663,1747,Matthew McGloin,QB,,0,999
664,6685,Jalen Greene,WR,,0,999
665,3257,Jacoby Brissett,QB,MIA,0,999
666,7839,Evan McPherson,K,CIN,0,999
667,609,Antone Smith,RB,,0,999
668,7555,Jamie Newman,QB,PHI,0,999
669,5885,Ryan Finley,QB,,0,999
670,155,Jerricho Cotchery,WR,,0,999
671,521,Jeff Cumberland,TE,,0,999
672,3816,Brandon Brown-Dukes,RB,,0,999
673,1433,Brandon McManus,K,DEN,0,999
674,1750,Giorgio Tavecchio,K,TEN,0,999
675,4721,Shakeir Ryan,WR,,0,999
676,3797,Bryce Treggs,WR,,0,999
677,6692,Joe Horn Jr.,WR,,0,999
678,2580,Titus Davis,WR,,0,999
679,882,David Ausberry,TE,,0,999
680,4829,Daniel Williams,WR,,0,999
681,5115,David Williams,RB,,0,999
682,1652,Terrell Sinkfield,WR,,0,999
683,7580,Khalil McClain,WR,CHI,0,999
684,697,Leon Washington,RB,,0,999
685,228,Fred Jackson,RB,,0,999
686,7353,Bryce Sterk,TE,,0,999
687,5092,Troy Fumagalli,TE,NE,0,999
688,1130,Cyrus Gray,RB,,0,999
689,1067,Marvin Jones,WR,JAX,0,2
690,8095,Graham Adomitis,TE,IND,0,999
691,686,Shaun Hill,QB,,0,999
692,5245,Troy Mangen,TE,,0,999
693,340,Lex Hilliard,RB,,0,999
694,3863,Joe Licata,QB,,0,999
695,5431,Shay Fields,WR,,0,999
696,5261,Jester Weah,WR,CHI,0,999
697,258,Ronnie Brown,RB,,0,999
698,7161,Shane Leatherbury,WR,,0,999
699,2581,Jahwan Edwards,RB,,0,999
700,885,Richard Gordon,TE,,0,999
701,5,Dallas Clark,TE,,0,999
702,3803,Elijhaa Penny,RB,NYG,0,999
703,6540,DeAndre Thompkins,WR,GB,0,999
704,564,Dexter McCluster,RB,,0,999
705,7944,Mike Strachan,WR,IND,0,999
706,2593,Antwan Goodley,WR,,0,999
707,6605,Cortrelle Simpson,WR,,0,999
708,1915,Rob Blanchflower,TE,,0,999
709,7546,Tre Nixon,WR,NE,0,999
710,3372,Rico Gathers,TE,,0,999
711,5665,Darren Andrews,WR,,0,999
712,1564,Benny Cunningham,RB,,0,999
713,278,Kevin Kolb,QB,,0,999
714,6361,Raphael Leonard,WR,,0,999
715,4289,Ishmael Zamora,WR,,0,999
716,7946,Jack Stoll,TE,PHI,0,999
717,462,Brett Favre,QB,,0,999
718,1466,Travis Kelce,TE,KC,0,1
719,6697,Floyd Allen,WR,,0,999
720,4839,Mitch Leidner,QB,,0,999
721,4878,Brandon Zylstra,WR,CAR,0,999
722,6963,Patrick Taylor,RB,GB,0,999
723,7601,Rondale Moore,WR,ARI,0,1
724,2430,Javorius Allen,RB,,0,999
725,2019,Aaron Murray,QB,,0,999
726,3664,J.D. McKissic,RB,WAS,0,1
727,1901,Isaiah Crowell,RB,,0,999
728,5873,Riley Ridley,WR,CHI,0,999
729,7174,Juwan Green,WR,ATL,0,999
730,974,Ryan Williams,RB,,0,999
731,411,Jeremy Maclin,WR,,0,999
732,3296,Seth DeValve,TE,,0,999
733,260,Josh Johnson,QB,NYJ,0,999
734,2078,Odell Beckham,WR,CLE,0,9
735,5714,Tim Wilson,WR,,0,999
736,8088,Kalif Jackson,TE,MIA,0,999
737,3935,Alex Chisum,WR,,0,999
738,7466,Nathan Cottrell,RB,JAX,0,999
739,4184,Bucky Hodges,TE,,0,999
740,2573,DaVaris Daniels,WR,,0,999
741,6168,John Ursua,WR,SEA,0,999
742,7532,Rakeem Boyd,RB,DET,0,999
743,5089,Mike White,QB,NYJ,0,999
744,121,LeRon McClain,RB,,0,999
745,3762,Brandon Shippen,WR,,0,999
746,6606,Nick Fitzgerald,QB,,0,999
747,1454,Montee Ball,RB,,0,999
748,2309,Amari Cooper,WR,DAL,0,4
749,5216,Ervin Philips,WR,,0,999
750,6959,LeVante Bellamy,RB,DEN,0,999
751,3727,Dennis Parks,WR,,0,999
752,7670,Josh Palmer,WR,LAC,0,5
753,2165,Dominique Williams,RB,,0,999
754,1049,Ryan Tannehill,QB,TEN,0,4
755,5009,Christopher Herndon,TE,NYJ,0,999
756,4832,Andrew Price,TE,,0,999
757,19,Joe Flacco,QB,PHI,0,999
758,4791,Darius Victor,RB,,0,999
759,3202,Austin Hooper,TE,CLE,0,999
760,2673,Damiere Byrd,WR,CHI,0,999
761,698,Charlie Whitehurst,QB,,0,999
762,6762,Darion Clark,TE,CHI,0,999
763,2921,Taylor Sloat,TE,,0,999
764,2699,Cameron Meredith,WR,,0,999
765,5290,Deontay Burnett,WR,,0,999
766,2862,Tony Johnson,K,,0,999
767,1293,Jeremy Stewart,RB,,0,999
768,6592,Dontae Strickland,RB,,0,999
769,474,Hakeem Nicks,WR,,0,999
770,5117,Jordan Thomas,TE,IND,0,999
771,3486,Chris Brown,WR,,0,999
772,4199,Aaron Jones,RB,GB,0,3
773,5401,Armanti Foreman,WR,MIN,0,999
774,2924,Duplicate Player,TE,,0,999
775,6967,Aaron Fuller,WR,SEA,0,999
776,7109,Malcolm Perry,WR,MIA,0,999
777,102,Josh Brown,K,,0,999
778,3599,Dez Stewart,WR,,0,999
779,4322,Dalton Crossan,RB,,0,999
780,6957,James Proche,WR,BAL,0,999
781,7988,Riley Lees,WR,CIN,0,999
782,7978,Tre Walker,WR,BUF,0,999
783,1880,Lorenzo Taliaferro,RB,,0,999
784,4914,Glen Coffee,RB,SF,0,999
785,4519,Devine Redding,RB,,0,999
786,7624,Carson Williams,TE,LV,0,999
787,2519,Neal Sterling,TE,,0,999
788,3957,Blake Sims,QB,,0,999
789,5143,Demario Richard,RB,,0,999
790,6783,Jerry Jeudy,WR,DEN,0,999
791,5625,Cam Phillips,WR,,0,999
792,NE,,DEF,NE,0,9
793,2544,Tre McBride,WR,,0,999
794,1990,Stephen Morris,QB,,0,999
795,5809,Ja'quan Gardner,RB,,0,999
796,4996,Kyle Lauletta,QB,CLE,0,999
797,6552,Malik Henry,WR,NO,0,999
798,3178,Josh Doctson,WR,NYJ,0,999
799,5947,Jakobi Meyers,WR,NE,0,2
800,7531,Feleipe Franks,QB,ATL,0,999
801,1206,Isaiah Pead,RB,,0,999
802,1263,Bernard Pierce,RB,,0,999
803,5774,Cam Serigne,TE,,0,999
804,4728,Bart Houston,QB,,0,999
805,3280,Tyler Ervin,RB,,0,999
806,4778,Reggie Davis,WR,DAL,0,999
807,1106,Vick Ballard,RB,,0,999
808,1009,Bryan Walters,WR,,0,999
809,4730,Sam Cotton,TE,,0,999
810,5872,Deebo Samuel,WR,SF,0,3
811,4037,Chris Godwin,WR,TB,0,2
812,4815,Brian Riley,WR,,0,999
813,6664,A.J. Ouellette,RB,,0,999
814,2804,Andrew Turzilli,WR,,0,999
815,2390,Tyler Kroft,TE,NYJ,0,999
816,7458,Isaiah Zuber,WR,NE,0,999
817,2359,Ameer Abdullah,RB,MIN,0,999
818,1418,Justin Hunter,WR,,0,999
819,103,Matt Forte,RB,,0,999
820,4585,Anthony Nash,WR,,0,999
821,7013,Steven Montez,QB,WAS,0,999
822,8089,Sal Cannella,TE,MIA,0,999
823,3555,Canaan Severin,WR,,0,999
824,6352,Duplicate Player,RB,LAR,0,999
825,5274,Roc Thomas,RB,,0,999
826,7600,Pat Freiermuth,TE,PIT,0,1
827,1451,C.J. Anderson,RB,,0,999
828,601,Andrew Quarless,TE,,0,999
829,7079,Pete Guerriero,RB,PIT,0,999
830,933,DJ Smith,K,,0,999
831,606,Joe Webb,QB,,0,999
832,1158,Kellen Moore,QB,,0,999
833,2168,Devonta Freeman,RB,NO,0,999
834,6208,Elliott Fry,K,,0,999
835,6493,Justin Johnson,TE,ARI,0,999
836,1500,Jordan Reed,TE,,0,999
837,2671,Josh Lambo,K,JAX,0,999
838,5171,Kevin Rader,TE,PIT,0,999
839,7,Kurt Warner,QB,,0,999
840,7162,Ryan Becker,TE,ATL,0,999
841,1631,Rodney Smith,WR,,0,999
842,6650,Chase McLaughlin,K,CLE,0,999
843,1358,Caleb Sturgis,K,,0,999
844,1604,Nick Williams,WR,,0,999
845,2636,Jarred Haggins,WR,,0,999
846,7190,Bronson Rechsteiner,RB,,0,999
847,2672,Damarr Aultman,WR,,0,999
848,1387,Rex Burkhead,RB,HOU,0,999
849,6239,Malik Taylor,WR,GB,0,999
850,3063,Jordan Leslie,WR,,0,999
851,CLE,,DEF,CLE,0,3
852,2939,Javess Blue,WR,,0,999
853,6763,Reggie Begelton,WR,GB,0,999
854,2821,Jake Kumerow,WR,BUF,0,999
855,8042,Chris Naggar,K,NYJ,0,999
856,7319,Jeff Cotton,WR,JAX,0,999
857,717,Chris Ivory,RB,,0,999
858,1312,Josh Bellamy,WR,,0,999
859,7049,Jauan Jennings,WR,SF,0,999
860,4157,Tarik Cohen,RB,CHI,0,999
861,3620,Bralon Addison,WR,,0,999
862,491,Danny Amendola,WR,,0,999
863,154,Tarvaris Jackson,QB,,0,999
864,7521,Chris Blair,WR,GB,0,999
865,6047,Dillon Mitchell,WR,,0,999
866,4301,Josh Magee,WR,,0,999
867,5230,Michael Badgley,K,LAC,0,999
868,4922,Garrett Scantling,WR,ATL,0,999
869,7561,Elijah Mitchell,RB,SF,0,999
870,233,Matt Moore,QB,,0,999
871,346,Brandon Tate,WR,,0,999
872,50,Jordan Palmer,QB,,0,999
873,3490,Marshall Koehn,K,,0,999
874,2937,Damond Powell,WR,,0,999
875,2268,Rashaun Allen,TE,,0,999
876,992,Ricardo Lockette,WR,,0,999
877,6557,Jeff Smith,WR,NYJ,0,999
878,2436,DeAndre Smelter,WR,,0,999
879,5857,Noah Fant,TE,DEN,0,2
880,958,Joe Morgan,WR,,0,999
881,1737,Case Keenum,QB,CLE,0,999
882,2495,Nick O'Leary,TE,LV,0,999
883,5427,Laquvionte Gonzalez,WR,LAR,0,999
884,7401,Khalil Tate,WR,PHI,0,999
885,3343,Nate Sudfeld,QB,SF,0,999
886,2252,Corey Washington,WR,,0,999
887,3878,Austin Traylor,TE,,0,999
888,887,Denarius Moore,WR,,0,999
889,345,Brian Hoyer,QB,NE,0,999
890,8077,Otis Anderson,RB,LAR,0,999
891,6059,Travis Fulgham,WR,PHI,0,999
892,3532,Kenneth Farrow,RB,,0,999
893,1477,Mychal Rivera,TE,,0,999
894,2397,Jeff Heuerman,TE,,0,999
895,613,Brandon LaFell,WR,,0,999
896,4827,Germone Hopper,WR,,0,999
897,5175,Jawill Davis,WR,,0,999
898,5801,Kobe McCrary,RB,,0,999
899,4892,Baker Mayfield,QB,CLE,0,1
900,4464,Nick Mullens,QB,PHI,0,999
901,5008,Durham Smythe,TE,MIA,0,999
902,6585,Tony Brooks-James,RB,PIT,0,999
903,6036,Ryan Davis,WR,,0,999
904,7352,Matt Cole,WR,NYG,0,999
905,1287,Kai Forbath,K,,0,999
906,5080,Damion Ratley,WR,DET,0,999
907,2597,Michael Dyer,RB,,0,999
908,5111,Javon Wims,WR,CHI,0,999
909,7891,Brock Wright,TE,DET,0,999
910,3327,Alex Collins,RB,SEA,0,999
911,4128,Chad Williams,WR,KC,0,999
912,1215,Jarius Wright,WR,,0,999
913,7211,Zimari Manning,WR,,0,999
914,1953,Travis Labhart,WR,,0,999
915,55,Visanthe Shiancoe,TE,,0,999
916,1627,Skye Dawson,WR,,0,999
917,1232,Robert Turbin,RB,,0,999
918,7135,Freddie Swain,WR,SEA,0,999
919,2870,Ray Hamilton,TE,,0,999
920,941,Christian Ponder,QB,,0,999
921,7502,Dominique Dafney,TE,GB,0,999
922,7015,Jacob Breeland,TE,BAL,0,999
923,1097,Kendall Wright,WR,,0,999
924,5358,Anthony Manzo-Lewis,TE,,0,999
925,5323,Equanimeous St. Brown,WR,GB,0,999
926,2094,Zach Hocker,K,,0,999
927,4803,Nate Iese,TE,,0,999
928,3148,Anthony Dable,WR,,0,999
929,3451,Ka'imi Fairbairn,K,HOU,0,999
930,3672,David Richards,WR,,0,999
931,1786,Lance Lewis,WR,,0,999
932,3164,Ezekiel Elliott,RB,DAL,0,8
933,7512,Aaron Smith,RB,,0,999
934,5170,Phillip Lindsay,RB,HOU,0,999
935,1771,M Harris,WR,,0,999
936,7603,Shi Smith,WR,CAR,0,999
937,5223,Caleb Scott,WR,LV,0,999
938,6878,Anthony McFarland,RB,PIT,0,10
939,4475,Sefo Liufau,QB,,0,999
940,3890,Devon Bell,K,,0,999
941,4681,Reggie Davis,WR,CHI,0,999
942,727,Anthony Dixon,RB,,0,999
943,1790,Blake Annen,TE,,0,999
944,5139,Trey Quinn,WR,LV,0,999
945,2632,Desmond Martin,RB,,0,999
946,2911,Justin Manton,K,,0,999
947,2595,Tim Semisch,TE,,0,999
948,6193,Cole Murphy,K,,0,999
949,6919,Thaddeus Moss,TE,CIN,0,999
950,3531,Marshaun Coprich,RB,,0,999
951,1837,Jimmy Garoppolo,QB,SF,0,999
952,1455,Zac Dysert,QB,,0,999
953,7812,Simi Fehoko,WR,DAL,0,999
954,7102,Mason Fine,QB,,0,999
955,6798,Jalen Reagor,WR,PHI,0,6
956,5734,C.J. Duncan,WR,,0,999
957,6260,Jake Powell,TE,,0,999
958,2462,J.J. Nelson,WR,IND,0,999
959,5243,Detrich Clark,WR,,0,999
960,3856,Braxton Deaver,TE,,0,999
961,3484,Nelson Spruce,WR,,0,999
962,1313,Michael Preston,WR,,0,999
963,6938,Cam Akers,RB,LAR,0,5
964,2052,Tevin Reese,WR,,0,999
965,947,Julio Jones,WR,TEN,0,999
966,1975,Erik Swoope,TE,,0,999
967,203,Jacoby Jones,WR,,0,999
968,692,Jay Feely,K,,0,999
969,5618,Larry Rose,RB,,0,999
970,2753,Rasheed Bailey,WR,,0,999
971,3384,Demarcus Ayers,WR,,0,999
972,5235,David Wells,TE,NE,0,999
973,6705,Taj McGowan,RB,,0,999
974,8076,Michael Bandy,WR,LAC,0,999
975,7073,Jake Bentley,QB,,0,999
976,7099,Tom Flacco,QB,,0,999
977,5211,Jake Wieneke,WR,,0,999
978,2553,Rory Anderson,TE,,0,999
979,1077,Travis Benjamin,WR,SF,0,999
980,2929,Adrian Coxson,WR,,0,999
981,3827,Aldrick Rosas,K,JAX,0,999
982,3278,Pharoh Cooper,WR,JAX,0,999
983,3547,Braedon Bowman,TE,,0,999
984,3201,Roberto Aguayo,K,NE,0,999
985,120,Adam Vinatieri,K,,0,999
986,4221,Jeremy Sprinkle,TE,DAL,0,999
987,2312,Kevin White,WR,SF,0,999
988,2257,Carlos Hyde,RB,JAX,0,6
989,SEA,,DEF,SEA,0,999
990,2918,Demetrius Wilson,WR,,0,999
991,6288,Marcus Green,WR,PHI,0,999
992,7083,Tyler Huntley,QB,BAL,0,999
993,7550,Warren Jackson,WR,MIN,0,999
994,5052,Ronald Jones,RB,TB,0,2
995,6737,Micky Crum,TE,,0,999
996,2603,Shane Wynn,WR,,0,999
997,673,Jason Campbell,QB,,0,999
998,3695,J.P. Holtz,TE,CHI,0,999
999,300,Willis McGahee,RB,,0,999
1000,4937,Al Riles,WR,IND,0,999
1001,6713,Jamarius Way,WR,,0,999
1002,3921,Nick Truesdell,TE,,0,999
1003,6813,Jonathan Taylor,RB,IND,0,2
1004,6727,Joe Walker,WR,,0,999
1005,4931,Austin Appleby,QB,DAL,0,999
1006,449,Kellen Winslow,TE,,0,999
1007,2153,Kain Colter,WR,,0,999
1008,7075,Charlie Woerner,TE,SF,0,999
1009,3027,Boobie Dixon,RB,,0,999
1010,2875,Tony Creecy,RB,,0,999
1011,5166,Da'Mari Scott,WR,NYG,0,999
1012,2564,Duron Carter,WR,,0,999
1013,HOU,,DEF,HOU,0,999
1014,4031,Travis Wilson,TE,,0,999
1015,6886,Chase Claypool,WR,PIT,0,9
1016,7509,Chris Owusu,WR,,0,999
1017,4881,Lamar Jackson,QB,BAL,0,8
1018,52,Joel Dreessen,TE,,0,999
1019,7095,Austin MacGinnis,K,LAR,0,999
1020,5802,Allenzae Staggers,WR,,0,999
1021,4055,O.J. Howard,TE,TB,0,9
1022,2460,C.J. Uzomah,TE,CIN,0,999
1023,1357,Dion Sims,TE,,0,999
1024,7989,DJ Turner,WR,LV,0,999
1025,181,Drew Stanton,QB,TB,0,999
1026,6710,Josh Caldwell,RB,,0,999
1027,5249,Andre Levrone,WR,,0,999
1028,2865,Julian Howsare,RB,,0,999
1029,5000,Chase Edmonds,RB,ARI,0,5
1030,1584,B.J. Daniels,WR,,0,999
1031,4626,Amba Etta-Tawo,WR,,0,999
1032,3170,Paxton Lynch,QB,,0,999
1033,6209,Ishmael Hyman,WR,CAR,0,999
1034,6849,Denzel Mims,WR,NYJ,0,6
1035,737,Mickey Shuler,TE,,0,999
1036,4998,DaeSean Hamilton,WR,DEN,0,999
1037,1487,Joseph Randle,RB,,0,999
1038,7543,Travis Etienne,RB,JAX,0,2
1039,2463,Jesse James,TE,CHI,0,999
1040,1505,Josh Lenz,WR,,0,999
1041,7858,Brenden Knox,RB,DAL,0,999
1042,2801,DeAndrew White,WR,BAL,0,999
1043,1938,Josh Stewart,WR,,0,999
1044,7085,Isaiah Coulter,WR,HOU,0,999
1045,7316,Darius Bradwell,RB,LAC,0,999
1046,2242,Chandler Catanzaro,K,,0,999
1047,2927,Keshawn Hill,RB,,0,999
1048,642,Golden Tate,WR,,0,999
1049,4794,Tommy Armstrong Jr.,QB,,0,999
1050,1935,Zach Mettenberger,QB,,0,999
1051,1892,Jeremy Hill,RB,,0,999
1052,5396,Sergio Bailey II,WR,,0,999
1053,676,LeSean McCoy,RB,,0,999
1054,6248,Trevion Thompson,WR,,0,999
1055,2449,Stefon Diggs,WR,BUF,0,8
1056,6108,Jacques Patrick,RB,CIN,0,999
1057,173,Andy Tanner,WR,,0,999
1058,5975,Alize Mack,TE,DET,0,999
1059,3423,Robby Anderson,WR,CAR,0,4
1060,6834,Jared Pinkney,TE,TEN,0,999
1061,4635,Justin Davis,RB,,0,999
1062,2805,Deon Long,WR,,0,999
1063,3889,Marquis Bundy,WR,,0,999
1064,68,Mario Manningham,WR,,0,999
1065,1854,Quincy Enunwa,WR,,0,999
1066,3897,Paul Lang,TE,,0,999
1067,1827,Arthur Lynch,TE,,0,999
1068,5567,Janarion Grant,WR,,0,999
1069,2458,Karlos Williams,RB,,0,999
1070,3368,Aaron Burbridge,WR,,0,999
1071,7098,Ty'Son Williams,RB,BAL,0,999
1072,4232,Matt Dayes,RB,,0,999
1073,198,Kellen Clemens,QB,,0,999
1074,1684,Jaron Brown,WR,ARI,0,999
1075,4895,Lamar Atkins,WR,JAX,0,999
1076,479,Jalen Parmele,RB,,0,999
1077,913,Shaun Draughn,RB,,0,999
1078,7050,Josiah Deguara,TE,GB,0,999
1079,2039,Seth Roberts,WR,,0,999
1080,5162,Reggie Bonnafon,RB,CAR,0,999
1081,5095,Daniel Carlson,K,LV,0,999
1082,665,Dennis Dixon,QB,,0,999
1083,3873,Ben Roberts,WR,,0,999
1084,4392,Malcolm Lewis,WR,,0,999
1085,7418,Broc Rutter,QB,,0,999
1086,6178,Darwin Thompson,RB,KC,0,999
1087,3649,Michael Cooper,TE,,0,999
1088,1321,Mike Brown,WR,,0,999
1089,291,Felix Jones,RB,,0,999
1090,5984,Anthony Ratliff-Williams,WR,SEA,0,999
1091,3648,Matt Weiser,TE,,0,999
1092,2297,Glenn Winston,RB,,0,999
1093,3701,Ed Eagan,WR,,0,999
1094,5890,Damien Harris,RB,NE,0,10
1095,5144,Malik Williams,RB,,0,999
1096,701,Ed Dickson,TE,,0,999
1097,5637,Garrett Johnson,WR,,0,999
1098,3868,Jalen Richard,RB,LV,0,999
1099,5409,Tanner Hudson,TE,TB,0,999
1100,943,Kyle Rudolph,TE,NYG,0,999
1101,2476,James O'Shaughnessy,TE,JAX,0,999
1102,6665,Joe Fortson,WR,KC,0,999
1103,7554,Tre' McKitty,TE,LAC,0,999
1104,1595,Chris Harper,WR,,0,999
1105,6586,Moral Stephens,TE,,0,999
1106,7452,Josh Pearson,WR,TB,0,999
1107,3476,Johnny Holton,WR,,0,999
1108,7143,Ben DiNucci,QB,DAL,0,999
1109,6625,Clayton Hatfield,K,,0,999
1110,7175,Chris Rowland,WR,ATL,0,999
1111,6828,A.J. Dillon,RB,GB,0,2
1112,896,Scott Tolzien,QB,,0,999
1113,89,Chad Henne,QB,KC,0,999
1114,57,Steven Jackson,RB,,0,999
1115,4151,Jake Butt,TE,CHI,0,999
1116,7393,Sirgeo Hoffman,RB,,0,999
1117,5118,Tanner Lee,QB,,0,999
1118,3454,Danny Anthrop,WR,,0,999
1119,3043,Will Tye,TE,,0,999
1120,6691,Ray Gene smith,RB,,0,999
1121,4864,Jevoni Robinson,TE,,0,999
1122,801,Charles Clay,TE,,0,999
1123,310,Heath Miller,TE,,0,999
1124,2713,Josh Harper,WR,,0,999
1125,461,Michael Vick,QB,,0,999
1126,6955,James Robinson,RB,JAX,0,4
1127,7395,Rashad Medaris,WR,,0,999
1128,802,Pat Devlin,QB,,0,999
1129,7606,Kadarius Toney,WR,NYG,0,999
1130,5902,Penny Hart,WR,SEA,0,999
1131,316,Malcom Floyd,WR,,0,999
1132,6528,Joey Slye,K,CAR,0,999
1133,5038,Michael Gallup,WR,DAL,0,1
1134,4208,Rodney Adams,WR,CHI,0,999
1135,1503,Michael Ford,RB,,0,999
1136,2040,Scott Simonson,TE,,0,999
1137,1306,Jeremy Ross,WR,,0,999
1138,4082,Curtis Samuel,WR,WAS,0,3
1139,2712,Blake Renaud,RB,,0,999
1140,4418,Leshun Daniels Jr.,RB,,0,999
1141,3471,Aaron Green,RB,,0,999
1142,8033,Bernhard Seikovits,TE,ARI,0,999
1143,4147,Samaje Perine,RB,CIN,0,999
1144,5608,Devonte Boyd,WR,,0,999
1145,5005,Jaleel Scott,WR,,0,999
1146,2620,Jake Heaps,QB,,0,999
1147,622,Michael Hoomanawanui,TE,,0,999
1148,2238,John Brown,WR,LV,0,3
1149,4813,Marvin Bracy,WR,,0,999
1150,157,Vince Young,QB,,0,999
1151,7412,Sandro Platzgummer,RB,NYG,0,999
1152,918,Niles Paul,TE,,0,999
1153,179,Reggie Bush,RB,,0,999
1154,7299,Justice Shelton-Mosley,WR,,0,999
1155,5915,Andy Isabella,WR,ARI,0,999
1156,5310,Antonio Callaway,WR,KC,0,999
1157,5787,Bryce Bobo,WR,,0,999
1158,5838,Phillip Andersen,K,,0,999
1159,2730,Kenneth Harper,RB,,0,999
1160,45,Dan Carpenter,K,,0,999
1161,4607,Zach Conque,QB,,0,999
1162,4733,Alex Gray,TE,,0,999
1163,7867,Spencer Brown,RB,CAR,0,999
1164,2637,Casey Pierce,TE,,0,999
1165,2703,Ezell Ruffin,WR,,0,999
1166,6019,Johnnie Dixon,WR,DAL,0,999
1167,6549,Damion Willis,WR,NYG,0,999
1168,2315,Todd Gurley,RB,,0,999
1169,3556,Christian Powell,RB,,0,999
1170,5849,Kyler Murray,QB,ARI,0,2
1171,8052,Donte Sylencieux,WR,BAL,0,999
1172,142,Tony Romo,QB,,0,999
1173,6246,Jeremy Cox,RB,,0,999
1174,4344,C.J. Board,WR,NYG,0,999
1175,2428,Vince Mayle,TE,,0,999
1176,1937,Bishop Sankey,RB,,0,999
1177,4017,Deshaun Watson,QB,HOU,0,2
1178,1841,Stephen Houston,RB,,0,999
1179,3887,Ben McCord,TE,,0,999
1180,5854,Drew Lock,QB,DEN,0,999
1181,7446,Tucker McCann,K,TEN,0,999
1182,7081,James Morgan,QB,NYJ,0,999
1183,7885,Bailey Gaither,WR,GB,0,999
1184,11,Garrett Hartley,K,,0,999
1185,352,Chase Coffman,TE,,0,999
1186,4177,Mack Hollins,WR,MIA,0,999
1187,6175,Kerrith Whyte,RB,DET,0,999
1188,5109,Duplicate Player,WR,,0,999
1189,421,Matthew Stafford,QB,LAR,0,7
1190,5718,Ryan Yurachek,TE,,0,999
1191,5917,Mecole Hardman,WR,KC,0,999
1192,881,Ricky Stanzi,QB,,0,999
1193,2583,Tyrell Williams,WR,DET,0,1
1194,1589,Quinton Patton,WR,,0,999
1195,1164,Rueben Randle,WR,,0,999
1196,539,Marc Mariani,WR,,0,999
1197,218,Jonathan Stewart,RB,,0,999
1198,5280,Pharoah McKever,TE,,0,999
1199,5468,Christian Scotland-Williamson,TE,,0,999
1200,5938,Lil'Jordan Humphrey,WR,NO,0,999
1201,2947,Clay Burton,TE,,0,999
1202,3500,Devon Cajuste,WR,,0,999
1203,4066,Evan Engram,TE,NYG,0,5
1204,6804,Jordan Love,QB,GB,0,999
1205,40,Martellus Bennett,TE,,0,999
1206,826,Torrey Smith,WR,,0,999
1207,4879,Francis Owusu,WR,,0,999
1208,2652,Dreamius Smith,RB,,0,999
1209,3342,Jakeem Grant,WR,MIA,0,999
1210,5156,Andrew Vollert,TE,IND,0,999
1211,3976,Mitchell Trubisky,QB,BUF,0,999
1212,243,Ben Obomanu,WR,,0,999
1213,348,Shonn Greene,RB,,0,999
1214,6873,Austin Mack,WR,NYG,0,999
1215,2949,Synjyn Days,RB,,0,999
1216,1348,Dustin Hopkins,K,WAS,0,999
1217,1898,James Wright,WR,,0,999
1218,2890,George Farmer,WR,,0,999
1219,4537,Jordan Johnson,RB,,0,999
1220,3588,Mike Miller,TE,,0,999
1221,2565,Jean Sifrin,TE,,0,999
1222,831,Andrew Hawkins,WR,,0,999
1223,1614,Frankie Hammond,WR,,0,999
1224,6040,Tyree Jackson,TE,PHI,0,999
1225,4080,Zay Jones,WR,LV,0,999
1226,1655,Kenbrell Thompkins,WR,,0,999
1227,971,Rob Housler,TE,,0,999
1228,4355,Tim White,WR,,0,999
1229,4051,Chad Kelly,QB,IND,0,999
1230,3788,Tanner McEvoy,WR,,0,999
1231,4528,Trevor Knight,QB,,0,999
1232,5359,Dorren Miller,WR,,0,999
1233,788,Dion Lewis,RB,,0,999
1234,1336,Matthew Tucker,RB,,0,999
1235,6072,Bruce Anderson,RB,IND,0,999
1236,4130,Brendan Langley,WR,,0,999
1237,7808,Ben Mason,TE,BAL,0,999
1238,2598,Terrell Watson,RB,,0,999
1239,6966,Javon Leake,RB,DET,0,999
1240,4805,Alton Howard,WR,,0,999
1241,7855,Blake Haubeil,K,TEN,0,999
1242,499,Connor Barth,K,,0,999
1243,886,Taiwan Jones,RB,BUF,0,999
1244,7156,J'Mar Smith,QB,,0,999
1245,4494,Alonzo Moore,WR,,0,999
1246,6628,Ventell Bryant,WR,CAR,0,999
1247,5004,Ito Smith,RB,ARI,0,999
1248,4416,Austin Carr,WR,,0,999
1249,2090,Ted Bolser,TE,,0,999
1250,1413,Markus Wheaton,WR,,0,999
1251,7865,Brandon Smith,WR,DAL,0,999
1252,4263,Elijah McGuire,RB,KC,0,999
1253,1801,Quron Pratt,WR,,0,999
1254,4647,Colin Thompson,TE,CAR,0,999
1255,4178,Donnel Pumphrey,RB,,0,999
1256,3859,Jalen Simmons,RB,,0,999
1257,277,Daniel Fells,TE,,0,999
1258,7082,Dalton Keene,TE,NE,0,999
1259,3026,Mike Hartline,QB,,0,999
1260,1316,Emil Igwenagu,RB,,0,999
1261,6843,Albert Okwuegbunam,TE,DEN,0,999
1262,6462,Ellis Richardson,TE,,0,999
1263,365,Mike Wallace,WR,,0,999
1264,17,Matt Prater,K,ARI,0,999
1265,4384,Aaron Peck,TE,,0,999
1266,3492,Jalin Marshall,WR,OAK,0,999
1267,7090,Darnell Mooney,WR,CHI,0,2
1268,2570,Donatella Luckett,WR,,0,999
1269,5834,Sean Ryan,TE,,0,999
1270,5102,Daurice Fountain,WR,KC,0,999
1271,2674,Paul Browning,WR,,0,999
1272,2834,Tom Obarski,K,,0,999
1273,LV,,DEF,LV,0,999
1274,8055,Brian Johnson,K,CHI,0,999
1275,7243,Kevin Davidson,QB,,0,999
1276,7097,Tra Barnett,RB,,0,999
1277,3213,Trevone Boykin,QB,,0,999
1278,6001,Drew Sample,TE,CIN,0,999
1279,570,Seyi Ajirotutu,WR,,0,999
1280,4536,Jason Croom,TE,PHI,0,999
1281,5155,Corey Willis,WR,,0,999
1282,4085,Adam Shaheen,TE,MIA,0,999
1283,5848,Marquise Brown,WR,BAL,0,4
1284,2936,Rasheed Williams,RB,,0,999
1285,1706,Jack Doyle,TE,IND,0,999
1286,2848,Kyle Prater,WR,,0,999
1287,3732,Richard Mullaney,WR,,0,999
1288,4595,Dontez Ford,WR,,0,999
1289,3306,Jordan Howard,RB,PHI,0,999
1290,2319,DeVante Parker,WR,MIA,0,10
1291,272,Chris Johnson,RB,,0,999
1292,3300,DeAndre Washington,RB,,0,999
1293,5919,Elijah Holyfield,RB,PHI,0,999
1294,4676,Darreus Rogers,WR,,0,999
1295,6399,Kano Dillon,TE,WAS,0,999
1296,6083,Matt Gay,K,LAR,0,999
1297,6661,Joseph Parker,WR,,0,999
1298,7530,Frank Darby,WR,ATL,0,999
1299,6156,Benny Snell,RB,PIT,0,999
1300,895,Jordan Todman,RB,,0,999
1301,3953,Austin Trainor,QB,,0,999
1302,2886,Justin Sinz,TE,,0,999
1303,2933,Corey Knox,RB,,0,999
1304,5750,Garrett Hudson,TE,,0,999
1305,1948,AD Denham,TE,,0,999
1306,4283,Khalfani Muhammad,RB,ARI,0,999
1307,6192,Chris Blewitt,K,,0,999
1308,4254,Stacy Coley,WR,,0,999
1309,1441,Kerwynn Williams,RB,,0,999
1310,63,Vonta Leach,RB,,0,999
1311,3582,Chester Rogers,WR,TEN,0,999
1312,8057,Kenji Bahar,QB,BAL,0,999
1313,1432,Jeremy Kelley,WR,,0,999
1314,3447,Cayleb Jones,WR,,0,999
1315,6074,Donald Parham,TE,LAC,0,999
1316,2477,Cameron Artis-Payne,RB,,0,999
1317,5752,Sherman Badie,RB,,0,999
1318,7152,Sam Sloman,K,PIT,0,999
1319,1468,Brian Leonhardt,TE,,0,999
1320,253,James Jones,WR,,0,999
1321,1324,Edwin Baker,RB,,0,999
1322,4515,B.J. Johnson,WR,,0,999
1323,4149,Jamaal Williams,RB,DET,0,3
1324,8008,Josh Imatorbhebhe,WR,JAX,0,999
1325,5271,Buddy Howell,RB,HOU,0,999
1326,806,Daniel Thomas,RB,,0,999
1327,6535,Nate Becker,TE,BUF,0,999
1328,2441,David Cobb,RB,,0,999
1329,511,Marlon Moore,WR,,0,999
1330,5859,A.J. Brown,WR,TEN,0,7
1331,6927,Quez Watkins,WR,PHI,0,999
1332,5283,Ka'raun White,WR,,0,999
1333,3978,Jacob Huesman,QB,,0,999
1334,6677,Joe Forson,WR,KC,0,999
1335,6643,Charles Holland,WR,CIN,0,999
1336,5799,Darius Prince,WR,,0,999
1337,5237,Chad Kanoff,QB,,0,999
1338,6978,Reggie Corbin,RB,,0,999
1339,7582,Jhamon Ausbon,WR,PHI,0,999
1340,5357,Kent Shelby,WR,,0,999
1341,7556,Marquez Stevenson,WR,BUF,0,999
1342,4035,Alvin Kamara,RB,NO,0,7
1343,65,Domenik Hixon,WR,,0,999
1344,1699,Brian Tyms,WR,,0,999
1345,6427,Ashton Dulin,WR,IND,0,999
1346,2820,Dominique Brown,RB,,0,999
1347,1323,Sean McGrath,TE,,0,999
1348,7897,Roland Rivers,QB,PIT,0,999
1349,1491,Michael Cox,RB,,0,999
1350,891,Vincent Brown,WR,,0,999
1351,450,Billy Bajema,TE,,0,999
1352,4144,Jonnu Smith,TE,NE,0,3
1353,4988,Nick Chubb,RB,CLE,0,5
1354,5276,Tyler Hoppes,TE,,0,999
1355,7536,Quintin Morris,TE,BUF,0,999
1356,6982,Cheyenne O'Grady,TE,CIN,0,999
1357,1742,Brenton Bersin,WR,,0,999
1358,863,DuJuan Harris,RB,,0,999
1359,5101,Deon Cain,WR,BAL,0,999
1360,4219,Jeremy McNichols,RB,TEN,0,999
1361,3504,Steven Scheu,TE,,0,999
1362,1618,Rico Richardson,WR,,0,999
1363,2026,George Atkinson,RB,,0,999
1364,405,Kevin Ogletree,WR,,0,999
1365,4409,Josiah Price,TE,,0,999
1366,4874,Chris Bazile,TE,,0,999
1367,7596,Elijah Moore,WR,NYJ,0,2
1368,1957,Tom Savage,QB,,0,999
1369,3052,Kendrick Ings,WR,,0,999
1370,2556,Terrence Magee,RB,,0,999
1371,8002,Shane Buechele,QB,KC,0,999
1372,5710,Nick Holley,WR,,0,999
1373,1173,Jarrett Boykin,WR,,0,999
1374,7400,Manasseh Bailey,WR,NYJ,0,999
1375,7540,Amari Rodgers,WR,GB,0,7
1376,5194,Matt Flanagan,TE,JAX,0,999
1377,184,Adrian Peterson,RB,,0,999
1378,5284,Jeffery Wilson,RB,SF,0,10
1379,5259,Lavon Coleman,RB,,0,999
1380,7457,Michael Dereus,WR,BAL,0,999
1381,620,Preston Parker,WR,,0,999
1382,7611,Rhamondre Stevenson,RB,NE,0,999
1383,7076,Jeff Thomas,WR,,0,999
1384,LAC,,DEF,LAC,0,999
1385,355,Brian Leonard,RB,,0,999
1386,1237,Dominique Davis,QB,,0,999
1387,6490,Mik'quan Deane,TE,,0,999
1388,1984,Allen Hurns,WR,MIA,0,999
1389,7106,Lawrence Cager,WR,NYJ,0,999
1390,2931,Deshon Foxx,WR,,0,999
1391,1862,Jalen Saunders,WR,,0,999
1392,2908,Austin Willis,WR,,0,999
1393,1029,Nick Foles,QB,CHI,0,999
1394,144,Matt Flynn,QB,,0,999
1395,2206,Logan Kilgore,QB,,0,999
1396,3945,Darius White,WR,,0,999
1397,2867,Mike McFarland,TE,,0,999
1398,4972,Mason Rudolph,QB,PIT,0,999
1399,6379,Khari Blasingame,RB,TEN,0,999
1400,1943,Lacoltan Bester,WR,,0,999
1401,4973,Hayden Hurst,TE,ATL,0,999
1402,1471,Brice Butler,WR,,0,999
1403,4485,William Stanback,RB,,0,999
1404,5937,Diontae Johnson,WR,PIT,0,2
1405,2944,Matt LaCosse,TE,NE,0,999
1406,BAL,,DEF,BAL,0,999
1407,3393,Devin Fuller,WR,,0,999
1408,3519,Roger Lewis,WR,,0,999
1409,5383,Jalen Tolliver,WR,,0,999
1410,2100,Silas Redd,RB,,0,999
1411,536,Antonio Brown,WR,TB,0,4
1412,4551,Tanner Gentry,WR,BUF,0,999
1413,4233,Zane Gonzalez,K,DET,0,999
1414,1698,Jonas Gray,RB,,0,999
1415,2555,Gerald Christian,TE,,0,999
1416,1290,Jermaine Kearse,WR,,0,999
1417,7359,Nakia Griffin-Stewart,TE,NYG,0,999
1418,166,Joshua Cribbs,WR,CLE,0,999
1419,59,Mason Crosby,K,GB,0,3
1420,827,Tyrod Taylor,QB,HOU,0,999
1421,1759,Larry Donnell,TE,,0,999
1422,1247,Griff Whalen,WR,,0,999
1423,2943,Mark Weisman,RB,,0,999
1424,4328,Jerome Lane,WR,,0,999
1425,1974,Cody Parkey,K,CLE,0,999
1426,3858,Miles Shuler,WR,,0,999
1427,4571,Blake Jarwin,TE,DAL,0,10
1428,5288,Donnie Ernsberger,TE,TEN,0,999
1429,2846,Marquez Clark,WR,,0,999
1430,6069,Stanley Morgan,WR,CIN,0,999
1431,6181,Trevon Wesco,TE,NYJ,0,999
1432,1317,Brandon Barden,TE,,0,999
1433,5831,Bryant Mitchell,WR,,0,999
1434,6388,Romello Brooker,TE,,0,999
1435,4468,Antony Auclair,TE,HOU,0,999
1436,1910,Connor Shaw,QB,,0,999
1437,5293,Jordan Veasy,WR,HOU,0,999
1438,5123,Trenton Cannon,RB,CAR,0,999
1439,7567,Kenneth Gainwell,RB,PHI,0,7
1440,1579,Stepfan Taylor,RB,,0,999
1441,2007,Bryn Renner,QB,,0,999
1442,2528,Ben Koyack,TE,,0,999
1443,2600,Ricky Seale,RB,,0,999
1444,3702,Andy Jones,WR,NYG,0,999
1445,2505,Darren Waller,TE,LV,0,9
1446,393,Bruce Gradkowski,QB,,0,999
1447,246,Darren Sproles,RB,,0,999
1448,2222,Austin Seferian-Jenkins,TE,,0,999
1449,3025,LT Smith,WR,,0,999
1450,490,Chase Daniel,QB,LAC,0,999
1451,2824,Donteea Dye,WR,,0,999
1452,503,Graham Gano,K,NYG,0,999
1453,500,Billy Cundiff,K,,0,999
1454,7101,Rodney Smith,RB,CAR,0,999
1455,7228,Ahmad Wagner,WR,,0,999
1456,7960,T.J. Simmons,WR,TB,0,999
1457,5547,Ryan Smith,TE,,0,999
1458,1544,Sean Renfree,QB,,0,999
1459,1390,Cobi Hamilton,WR,,0,999
1460,8079,Craig Stevens,TE,,0,999
1461,5012,Mark Andrews,TE,BAL,0,4
1462,429,Percy Harvin,WR,,0,999
1463,122,Miles Austin,WR,,0,999
1464,5722,Darvin Kidsy,WR,SEA,0,999
1465,5032,Jordan Akins,TE,HOU,0,999
1466,8061,Jake Hausmann,TE,NYG,0,999
1467,297,Eddie Royal,WR,,0,999
1468,1059,Bobby Rainey,RB,,0,999
1469,1966,Ryan Lankford,WR,,0,999
1470,5248,Gus Edwards,RB,BAL,0,7
1471,4707,Akeem Judd,RB,,0,999
1472,1436,Justice Cunningham,TE,,0,999
1473,1329,Chris Hogan,WR,NO,0,999
1474,7066,K.J. Osborn,WR,MIN,0,999
1475,7539,Gerrid Doaks,RB,MIA,0,999
1476,6988,Raymond Calais,RB,LAR,0,999
1477,663,Benjamin Watson,TE,,0,999
1478,6259,Darnell Holland,RB,NO,0,999
1479,6519,Darrius Shepherd,WR,KC,0,999
1480,6126,Irv Smith,TE,MIN,0,5
1481,6261,Reggie White Jr.,WR,,0,999
1482,6970,Stephen Sullivan,TE,CAR,0,999
1483,6730,Jordan Ta'amu,QB,KC,0,999
1484,4749,Cameron Posey,WR,,0,999
1485,5929,Anthony Johnson,WR,PIT,0,999
1486,4018,Joe Mixon,RB,CIN,0,7
1487,2838,Trevor Harman,WR,,0,999
1488,5210,Korey Robertson,WR,,0,999
1489,7092,Chris Finke,WR,KC,0,999
1490,5955,Hunter Renfrow,WR,LV,0,999
1491,739,Trent Edwards,QB,,0,999
1492,2823,Rannell Hall,WR,,0,999
1493,1332,Ifeanyi Momah,WR,,0,999
1494,6885,Ke'Shawn Vaughn,RB,TB,0,999
1495,7158,Riley Neal,QB,,0,999
1496,4152,Marlon Mack,RB,IND,0,999
1497,7589,Ian Book,QB,NO,0,999
1498,7607,Michael Carter,RB,NYJ,0,4
1499,3463,Jhurell Pressley,RB,,0,999
1500,1738,Matt Blanchard,QB,,0,999
1501,804,Clyde Gates,WR,,0,999
1502,691,Derek Anderson,QB,,0,999
1503,2935,Ricky Collins,WR,,0,999
1504,1217,LaRon Byrd,WR,,0,999
1505,7517,Duplicate Player,WR,,0,999
1506,4335,Phillip Walker,QB,CAR,0,999
1507,3817,Marcus Tucker,WR,,0,999
1508,2700,Levi Norwood,WR,,0,999
1509,5130,Auden Tate,WR,CIN,0,999
1510,6187,Aca'Cedric Ware,RB,TB,0,999
1511,5189,Eddy Pineiro,K,IND,0,999
1512,5001,Dalton Schultz,TE,DAL,0,999
1513,3905,Mandel Dixon,TE,,0,999
1514,1223,Garrett Celek,TE,,0,999
1515,4710,Giovanni Pascascio,WR,,0,999
1516,2876,Ed Williams,WR,,0,999
1517,5006,J'Mon Moore,WR,ATL,0,999
1518,7216,Giovanni Ricci,TE,CAR,0,999
1519,1214,Blair Walsh,K,NO,0,999
1520,1426,DeAndre Hopkins,WR,ARI,0,5
1521,PHI,,DEF,PHI,0,6
1522,1758,Kashif Moore,WR,,0,999
1523,4054,Mo Alie-Cox,TE,IND,0,999
1524,4750,Lance Lenoir,WR,BUF,0,999
1525,268,Alex Smith,QB,,0,999
1526,5260,Vyncint Smith,WR,NYJ,0,999
1527,2916,Ify Umodu,WR,,0,999
1528,4600,Noel Thomas Jr.,WR,,0,999
1529,1133,Devon Wylie,WR,,0,999
1530,1743,Brittan Golden,WR,,0,999
1531,6694,D'Ernest Johnson,RB,CLE,0,999
1532,7287,Josh Hammond,WR,JAX,0,999
1533,7088,Xavier Jones,RB,LAR,0,999
1534,5408,Sergio Bailey,WR,,0,999
1535,5773,Khadarel Hodge,WR,CLE,0,999
1536,3318,Kevin Hogan,QB,,0,999
1537,2881,Tyler Slavin,WR,,0,999
1538,748,Mike Williams,WR,,0,999
1539,1682,Cierre Wood,RB,,0,999
1540,4351,Tim Patrick,WR,DEN,0,5
1541,3542,Deandre Reaves,WR,,0,999
1542,6373,A.J. Richardson,WR,ARI,0,999
1543,4274,David Moore,WR,CAR,0,999
1544,5201,Terry Swanson,RB,,0,999
1545,7439,Tommy Hudson,TE,TEN,0,999
1546,6832,Kalija Lipscomb,WR,TEN,0,999
1547,188,Eli Manning,QB,,0,999
1548,3609,Chris King,WR,,0,999
1549,6017,DaMarkus Lodge,WR,,0,999
1550,2001,Kapri Bibbs,RB,,0,999
1551,1388,Tyler Eifert,TE,,0,999
1552,3551,Max Wittek,QB,,0,999
1553,3445,Marcus Johnson,WR,TEN,0,999
1554,4786,Jhajuan Seales,WR,,0,999
1555,6524,Jamire Jordan,WR,KC,0,999
1556,6146,Kaden Smith,TE,NYG,0,999
1557,8039,Jibri Blount,TE,MIA,0,999
1558,3615,Sione Houma,RB,,0,999
1559,5126,Austin Proehl,WR,LAC,0,999
1560,4747,Stevie Donatell,TE,,0,999
1561,3398,Kenny Lawler,WR,,0,999
1562,5619,Dalyn Dawkins,RB,DET,0,999
1563,2245,Troy Niklas,TE,,0,999
1564,JAX,,DEF,JAX,0,999
1565,6320,Jonathan Duhart,WR,,0,999
1566,1104,DeVier Posey,WR,,0,999
1567,3030,Kai De La Cruz,WR,,0,999
1568,1689,Adam Thielen,WR,MIN,0,8
1569,2785,Gus Johnson,RB,,0,999
1570,1675,Marlon Brown,WR,,0,999
1571,3911,Rashaun Simonise,WR,,0,999
1572,3711,Quinshad Davis,WR,,0,999
1573,1169,Robert Griffin,QB,,0,999
1574,3460,Ross Martin,K,,0,999
1575,6659,Craig Reynolds,RB,DET,0,999
1576,6786,CeeDee Lamb,WR,DAL,0,1
1577,130,Eric Weems,WR,,0,999
1578,4243,Malachi Dupre,WR,,0,999
1579,7848,Scooter Harrington,TE,CHI,0,999
1580,83,Tim Hightower,RB,,0,999
1581,4518,Emanuel Byrd,TE,,0,999
1582,1865,Jeremy Butler,WR,,0,999
1583,3258,Nick Vannett,TE,NO,0,999
1584,6895,Quintez Cephus,WR,DET,0,999
1585,69,Santana Moss,WR,,0,999
1586,6826,Cole Kmet,TE,CHI,0,999
1587,2124,Jacob Maxwell,TE,,0,999
1588,5927,Terry McLaurin,WR,WAS,0,6
1589,344,Julian Edelman,WR,,0,999
1590,7918,Asim Rose,RB,MIN,0,999
1591,7496,Nick Westbrook-Ikhine,WR,TEN,0,999
1592,287,Brad Smith,WR,,0,999
1593,7610,Trey Lance,QB,SF,0,3
1594,6075,Jesper Horsted,TE,CHI,0,999
1595,2465,Kenny Bell,WR,,0,999
1596,2957,Ernst Brun Jr,TE,,0,999
1597,592,Jahvid Best,RB,,0,999
1598,5916,Darrell Henderson,RB,LAR,0,1
1599,2214,Cameron Brate,TE,TB,0,999
1600,1895,AJ McCarron,QB,ATL,0,999
1601,740,Brandon Stokley,WR,,0,999
1602,3678,Wil Lutz,K,NO,0,999
1603,308,JohnnieLee Higgins,WR,,0,999
1604,5432,Cam Sims,WR,WAS,0,999
1605,7741,Caleb Huntley,RB,ATL,0,999
1606,5119,Jason Sanders,K,MIA,0,5
1607,GB,,DEF,GB,0,999
1608,6853,Van Jefferson,WR,LAR,0,2
1609,7071,J.J. Molson,K,GB,0,999
1610,2926,Earnest Pettway,TE,,0,999
1611,4774,De'Mard Llorens,RB,,0,999
1612,5286,Austin Allen,QB,,0,999
1613,3168,Christian Hackenberg,QB,,0,999
1614,5352,Ryan Green,RB,,0,999
1615,7427,Tyler Mabry,TE,SEA,0,999
1616,5137,Richie James,WR,SF,0,999
1617,1825,Jarvis Landry,WR,CLE,0,999
1618,988,Doug Baldwin,WR,,0,999
1619,7245,Nate Wieting,TE,NYG,0,999
1620,3362,Jeff Driskel,QB,HOU,0,999
1621,5863,J.J. Arcega-Whiteside,WR,PHI,0,999
1622,527,Dennis Pitta,TE,,0,999
1623,640,Anthony McCoy,TE,,0,999
1624,7425,Patrick Carr,RB,SEA,0,999
1625,7860,Osirus Mitchell,WR,DAL,0,999
1626,208,Josh McCown,QB,,0,999
1627,6754,Josh Gable,K,,0,999
1628,523,Joe McKnight,RB,,0,999
1629,4696,Trey Edmunds,RB,PIT,0,999
1630,110,Stephen Gostkowski,K,,0,999
1631,6322,Xavier Ubosi,WR,,0,999
1632,7078,Tony Brown,WR,WAS,0,999
1633,818,Bilal Powell,RB,,0,999
1634,7901,Rico Bussey,WR,PIT,0,999
1635,6596,Jalan McClendon,QB,,0,999
1636,5246,Jake Roh,TE,,0,999
1637,5884,Kelvin Harmon,WR,WAS,0,999
1638,1256,Michael Egnew,TE,,0,999
1639,7569,Nico Collins,WR,HOU,0,2
1640,5108,Luke Falk,QB,,0,999
1641,1424,Alan Bonner,WR,,0,999
1642,2411,Jeremy Langford,RB,,0,999
1643,23,Jason Witten,TE,,0,999
1644,7904,Stevie Scott,RB,NO,0,999
1645,4479,Thomas Sperbeck,WR,TB,0,999
1646,1636,MarQueis Gray,TE,,0,999
1647,1114,Justin Blackmon,WR,,0,999
1648,1912,Terrance West,RB,,0,999
1649,5258,Damon Gibson,WR,,0,999
1650,2919,Tyler McDonald,WR,,0,999
1651,7204,Reggie Gilliam,TE,BUF,0,999
1652,NYG,,DEF,NYG,0,999
1653,286,Dwayne Bowe,WR,,0,999
1654,454,Chris Ogbonnaya,RB,,0,999
1655,6590,Michael Colubiale,TE,,0,999
1656,7578,Myron Mitchell,WR,MIN,0,999
1657,2748,Kevin Monangai,RB,,0,999
1658,2909,Beau Gardner,TE,,0,999
1659,3467,Taylor Bertolet,K,MIN,0,999
1660,1022,Thaddeus Lewis,QB,,0,999
1661,3309,Wendell Smallwood,RB,,0,999
1662,5267,JJ Jones,WR,,0,999
1663,2533,Dezmin Lewis,WR,,0,999
1664,6196,Christian Wade,RB,BUF,0,999
1665,2101,Lache Seastrunk,RB,,0,999
1666,1951,C.J. Fiedorowicz,TE,,0,999
1667,1386,Giovani Bernard,RB,TB,0,999
1668,1517,Theo Riddick,RB,LV,0,999
1669,1490,Terrance Williams,WR,,0,999
1670,6394,Romell Guerrier,WR,,0,999
1671,1530,Charles Johnson,WR,,0,999
1672,3895,Marvin Hall,WR,NE,0,999
1673,7905,Dylan Soehner,TE,NO,0,999
1674,2729,Corey Grant,RB,,0,999
1675,4790,Robert Wheelwright,WR,,0,999
1676,6806,J.K. Dobbins,RB,BAL,0,1
1677,5464,De'Lance Turner,RB,,0,999
1678,5995,Justice Hill,RB,BAL,0,999
1679,6506,Trayone Gray,RB,,0,999
1680,7703,Jacob Harris,TE,LAR,0,999
1681,1907,Johnny Manziel,QB,,0,999
1682,7503,Connor Davis,TE,CLE,0,999
1683,5241,Christian Blake,WR,ATL,0,999
1684,762,James Starks,RB,,0,999
1685,5142,Kurt Benkert,QB,GB,0,999
1686,1149,Alshon Jeffery,WR,,0,999
1687,7579,Austin Watkins,WR,SF,0,999
1688,7009,Trishton Jackson,WR,LAR,0,999
1689,5138,Martez Carter,RB,,0,999
1690,2772,Mitchell Henry,TE,,0,999
1691,8056,Jake Verity,K,BAL,0,999
1692,6824,Donovan Peoples-Jones,WR,CLE,0,999
1693,4555,Andy Phillips,K,,0,999
1694,IND,,DEF,IND,0,999
1695,1673,Da'Rick Rogers,WR,,0,999
1696,814,Shane Vereen,RB,,0,999
1697,975,McLeod Bethel-Thompson,QB,,0,999
1698,4660,Sean Culkin,TE,,0,999
1699,4630,I'Tavius Mathers,RB,,0,999
1700,3579,Marshall Morgan,K,,0,999
1701,2770,Harold Spears,TE,,0,999
1702,1944,Alfred Blue,RB,,0,999
1703,3934,Troymaine Pope,RB,TB,0,999
1704,1054,Stephen Hill,WR,,0,999
1705,7435,Cameron Scarlett,RB,SEA,0,999
1706,7210,Kendall Hinton,WR,DEN,0,999
1707,2044,Brelan Chancellor,WR,,0,999
1708,920,Evan Royster,RB,,0,999
1709,5846,DK Metcalf,WR,SEA,0,9
1710,5754,Jaeden Graham,TE,ATL,0,999
1711,2422,Blake Bell,TE,KC,0,999
1712,4644,Travis Rudolph,WR,,0,999
1713,1928,Antonio Andrews,RB,,0,999
1714,2175,Bernard Reedy,WR,,0,999
1715,2391,David Johnson,RB,HOU,0,9
1716,990,Kris Durham,WR,,0,999
1717,4406,Wes Lunt,QB,MIN,0,999
1718,1772,J Talley,WR,,0,999
1719,6088,Olabisi Johnson,WR,MIN,0,999
1720,1225,LaMichael James,RB,,0,999
1721,7462,Stephen Guidry,WR,DAL,0,999
1722,6908,La'Mical Perine,RB,NYJ,0,999
1723,6686,Joe Horn,WR,BAL,0,999
1724,7104,Shannon Brooks,RB,,0,999
1725,4910,Quincy McDuffie,WR,DAL,0,999
1726,4453,Victor Bolden,WR,DET,0,999
1727,2946,Diandre Campbell,WR,,0,999
1728,6723,Vincent Testaverde,QB,,0,999
1729,4324,Trey Griffey,WR,,0,999
1730,6045,Gary Jennings,WR,IND,0,999
1731,6449,Dorian Baker,WR,,0,999
1732,3007,Avius Capers,WR,,0,999
1733,2887,Quan Bray,WR,,0,999
1734,7899,Isaiah McKoy,WR,PIT,0,999
1735,6106,Taiwan Deal,RB,,0,999
1736,3969,Leonard Fournette,RB,TB,0,10
1737,6753,Derrick Gore,RB,KC,0,999
1738,2802,Corey Acosta,K,,0,999
1739,2822,Adam Humphries,WR,WAS,0,2
1740,6357,Shawn Bane,WR,,0,999
1741,7935,Eli Stove,WR,LAC,0,999
1742,NYJ,,DEF,NYJ,0,999
1743,1678,Uzoma Nwachukwu,WR,,0,999
1744,6735,Duplicate Player,WR,,0,999
1745,3465,Ben Braunecker,TE,,0,999
1746,6459,Sean Modster,WR,,0,999
1747,7339,J.J. Koski,WR,LAR,0,999
1748,4150,Wayne Gallman,RB,SF,0,7
1749,1794,David Fluellen,RB,,0,999
1750,147,DeSean Jackson,WR,LAR,0,999
1751,6317,Jacob Dolegala,QB,NE,0,999
1752,4798,C.J. Germany,WR,,0,999
1753,7437,Kyle Williams,WR,,0,999
1754,CIN,,DEF,CIN,0,999
1755,5110,Russell Gage,WR,ATL,0,5
1756,2140,Jeff Janis,WR,,0,999
1757,6846,Hunter Bryant,TE,DET,0,999
1758,3198,Derrick Henry,RB,TEN,0,5
1759,3021,Devin Gardner,WR,,0,999
1760,3892,Jarvis Turner,WR,,0,999
1761,2400,Matt Jones,RB,,0,999
1762,4360,Fred Ross,WR,,0,999
1763,2342,Devin Smith,WR,NE,0,999
1764,6395,Trinity Benson,WR,DEN,0,999
1765,2375,Jaelen Strong,WR,,0,999
1766,1681,George Winn,RB,,0,999
1767,4958,Brett Maher,K,NO,0,999
1768,5354,Canon Rooker,K,,0,999
1769,6151,Miles Sanders,RB,PHI,0,2
1770,5262,Steve Ishmael,WR,,0,999
1771,7237,Scotty Washington,WR,CIN,0,999
1772,5961,Jalin Moore,RB,NYJ,0,999
1773,5185,Allen Lazard,WR,GB,0,999
1774,3211,Paul Perkins,RB,IND,0,999
1775,5292,Devin Ross,WR,NE,0,999
1776,4942,Marcell Ateman,WR,LV,0,999
1777,3271,Tyler Higbee,TE,LAR,0,2
1778,7370,JoJo Ward,WR,ARI,0,999
1779,1524,Kevin Dorsey,WR,,0,999
1780,264,Greg Jennings,WR,,0,999
1781,3646,Quayvon Hicks,RB,,0,999
1782,2334,Phillip Dorsett,WR,JAX,0,999
1783,902,Dwayne Harris,WR,,0,999
1784,4034,Christian McCaffrey,RB,CAR,0,7
1785,2917,Brian Vogler,TE,,0,999
1786,3614,Tommylee Lewis,WR,NO,0,999
1787,7191,Jaylon Moore,WR,BAL,0,999
1788,942,Allen Reisner,TE,,0,999
1789,1555,Kenny Stills,WR,,0,999
1790,5195,Akrum Wadley,RB,,0,999
1791,7985,Pro Wells,TE,CIN,0,999
1792,3799,David Glidden,WR,,0,999
1793,4535,Steven Wroblewski,TE,,0,999
1794,5169,Malik Earl,WR,DAL,0,999
1795,6492,Terry Wright,WR,,0,999
1796,6420,Jon'Vea Johnson,WR,CHI,0,999
1797,6801,Tee Higgins,WR,CIN,0,7
1798,5124,Alex McGough,QB,SEA,0,999
1799,2789,Lucky Whitehead,WR,,0,999
1800,4576,Jahad Thomas,RB,,0,999
1801,560,Demaryius Thomas,WR,,0,999
1802,5392,Jack Heneghan,QB,,0,999
1803,3203,Braxton Miller,WR,,0,999
1804,1765,Myles White,WR,,0,999
1805,7002,Juwan Johnson,WR,NO,0,999
1806,7093,Adrian Killins,RB,PHI,0,999
1807,4119,Ardarius Stewart,WR,,0,999
1808,4533,James Summers,RB,,0,999
1809,2200,Tim Flanders,RB,,0,999
1810,7793,Racey McMath,WR,TEN,0,999
1811,5924,Emanuel Hall,WR,WAS,0,999
1812,MIA,,DEF,MIA,0,3
1813,4634,Kenneth Walker,WR,,0,999
1814,5196,Ethan Wolf,TE,NO,0,999
1815,2766,Alonzo Harris,RB,,0,999
1816,4039,Cooper Kupp,WR,LAR,0,6
1817,6231,John Lovett,QB,,0,999
1818,4061,Davis Webb,QB,BUF,0,999
1819,7993,Trey Ragas,RB,LV,0,999
1820,2594,Brandon Wegher,RB,,0,999
1821,1628,Joseph Fauria,TE,,0,999
1822,4171,Josh Reynolds,WR,TEN,0,10
1823,3433,Alex Erickson,WR,HOU,0,999
1824,4489,Gehrig Dieter,WR,KC,0,999
1825,7074,A.J. Hines,RB,,0,999
1826,1976,Zurlon Tipton,RB,,0,999
1827,6931,DeeJay Dallas,RB,SEA,0,999
1828,2132,Jared Abbrederis,WR,,0,999
1829,2065,Ben Malena,RB,,0,999
1830,515,Rob Gronkowski,TE,TB,0,999
1831,868,Virgil Green,TE,,0,999
1832,72,Kevin Walter,WR,,0,999
1833,3410,Jake Coker,QB,,0,999
1834,2177,Jerome Smith,RB,,0,999
1835,2279,Paul Richardson,WR,,0,999
1836,1485,Gavin Escobar,TE,,0,999
1837,5700,Robert Martin,RB,,0,999
1838,3171,Connor Cook,QB,,0,999
1839,7524,Adrian Hardy,WR,,0,999
1840,293,Maurice Jones-Drew,RB,,0,999
1841,133,Greg Jones,RB,,0,999
1842,284,Delanie Walker,TE,,0,999
1843,7272,Dylan Stapleton,TE,,0,999
1844,248,Luke McCown,QB,,0,999
1845,2904,Issac Blakeney,WR,,0,999
1846,616,Jimmy Graham,TE,CHI,0,3
1847,4026,DeShone Kizer,QB,TEN,0,999
1848,3385,Daniel Braverman,WR,,0,999
1849,7842,Luke Farrell,TE,JAX,0,999
1850,3552,Wendall Williams,WR,,0,999
1851,6870,Bryan Edwards,WR,LV,0,999
1852,4217,George Kittle,TE,SF,0,7
1853,4596,Tion Green,RB,,0,999
1854,1603,Luke Willson,TE,,0,999
1855,5122,Boston Scott,RB,PHI,0,6
1856,294,Peyton Manning,QB,,0,999
1857,2251,Logan Thomas,TE,WAS,0,7
1858,3412,Devon Johnson,RB,,0,999
1859,2129,Jordan Thompson,TE,,0,999
1860,6465,Thomas Ives,WR,CHI,0,999
1861,7042,Tyler Bass,K,BUF,0,999
1862,374,Dan Orlovsky,QB,,0,999
1863,2898,Cameron Clear,TE,,0,999
1864,4187,Brian Hill,RB,TEN,0,999
1865,1353,Mike Gillislee,RB,,0,999
1866,2076,L'Damian Washington,WR,,0,999
1867,6529,Chris Myarick,TE,MIA,0,999
1868,CAR,,DEF,CAR,0,999
1869,4593,Brandon Barnes,TE,,0,999
1870,1065,Orson Charles,TE,,0,999
1871,4411,R.J. Shelton,WR,,0,999
1872,6171,Cody Thompson,WR,SEA,0,999
1873,7972,Tony Poljan,TE,BAL,0,999
1874,6951,Eno Benjamin,RB,ARI,0,999
1875,3048,Chris Manhertz,TE,JAX,0,999
1876,2320,Melvin Gordon,RB,DEN,0,4
1877,6384,Justin Sumpter,WR,LAR,0,999
1878,7465,Nick Tiano,QB,,0,999
1879,3634,Kalif Raymond,WR,DET,0,999
1880,1866,Michael Campanaro,WR,,0,999
1881,5256,Deandre Goolsby,TE,,0,999
1882,6167,Jordan Scarlett,RB,MIA,0,999
1883,5796,Austin Wolf,WR,,0,999
1884,2639,Tony Jones,WR,,0,999
1885,6097,Jamal Custis,WR,,0,999
1886,1763,Greg Orton,WR,,0,999
1887,2751,Daniel Brown,TE,NYJ,0,999
1888,8058,Nate McCrary,RB,BAL,0,999
1889,178,Matt Schaub,QB,,0,999
1890,2651,Phillip Sims,QB,,0,999
1891,7376,Case Cookus,QB,LV,0,999
1892,5046,Royce Freeman,RB,DEN,0,999
1893,5705,John Franklin,WR,TB,0,999
1894,7744,Antonio Nunn,WR,ATL,0,999
1895,3155,Laquon Treadwell,WR,JAX,0,999
1896,935,DJ Williams,TE,,0,999
1897,496,Brandon Gibson,WR,,0,999
1898,2534,Kenny Hilliard,RB,,0,999
1899,1144,Cole Beasley,WR,BUF,0,10
1900,7564,Ja'Marr Chase,WR,CIN,0,1
1901,2914,Luke Lundy,RB,,0,999
1902,3225,Tyler Boyd,WR,CIN,0,7
1903,7288,Ben Ellefson,TE,JAX,0,999
1904,7563,Javian Hawkins,RB,ATL,0,2
1905,4994,Kalen Ballage,RB,PIT,0,999
1906,7552,Blake Proehl,WR,MIN,0,999
1907,4697,Khalid Abdullah,RB,,0,999
1908,4111,D'Onta Foreman,RB,ATL,0,999
1909,4146,Dede Westbrook,WR,MIN,0,999
1910,1567,Tavon Austin,WR,JAX,0,999
1911,4940,Desean Smith,TE,CAR,0,999
1912,5976,Karan Higdon Jr.,RB,,0,999
1913,2942,Joe Don Duncan,RB,,0,999
1914,5236,Kyle Lewis,WR,,0,999
1915,1138,Rod Streater,WR,,0,999
1916,6814,Laviska Shenault,WR,JAX,0,1
1917,306,DeAngelo Williams,RB,,0,999
1918,406,John Phillips,TE,,0,999
1919,2262,Trey Millard,RB,,0,999
1920,853,Jeff Maehl,WR,,0,999
1921,6993,Dominick Wood-Anderson,TE,SEA,0,999
1922,7357,Dan Chisena,WR,MIN,0,999
1923,3338,Keenan Reynolds,WR,,0,999
1924,1473,Nick Kasa,TE,,0,999
1925,4327,Colin Jeter,TE,,0,999
1926,6913,Joe Reed,WR,LAC,0,999
1927,914,Leonard Hankerson,WR,,0,999
1928,2756,Andrew Gleichert,TE,,0,999
1929,6421,Jalen Guyton,WR,LAC,0,999
1930,2769,Larry Pinkard,WR,,0,999
1931,1061,Deonte Thompson,WR,,0,999
1932,2577,Devante Davis,WR,,0,999
1933,5086,Marquez Valdes-Scantling,WR,GB,0,999
1934,4349,Taquan Mizzell,RB,NYG,0,999
1935,4949,Derrius Guice,RB,,0,999
1936,6909,Lynn Bowden,WR,MIA,0,999
1937,1236,Joe Banyard,RB,,0,999
1938,1612,Tyler Bray,QB,,0,999
1939,2871,Isaac Fruechte,WR,,0,999
1940,5022,Dallas Goedert,TE,PHI,0,8
1941,2023,De'Anthony Thomas,WR,BAL,0,999
1942,195,Courtney Roby,WR,,0,999
1943,6451,Stephen Carlson,TE,CLE,0,999
1944,1307,Dan Herron,RB,,0,999
1945,3491,Byron Marshall,RB,,0,999
1946,3456,Joel Stave,QB,,0,999
1947,5266,Detrez Newsome,RB,,0,999
1948,817,Jeremy Kerley,WR,,0,999
1949,6548,Marcus Marshall,RB,,0,999
1950,6438,Kelvin McKnight,WR,,0,999
1951,4951,D.J. Chark,WR,JAX,0,8
1952,648,Brandon Marshall,WR,,0,999
1953,128,Vincent Jackson,WR,,0,999
1954,1749,Jake Stoneburner,TE,,0,999
1955,8092,Corey Taylor,RB,CLE,0,999
1956,2381,Chris Conley,WR,HOU,0,8
1957,6149,Darius Slayton,WR,NYG,0,9
1958,6439,Hale Hentges,TE,,0,999
1959,1266,Greg Zuerlein,K,DAL,0,999
1960,1123,Ronnie Hillman,RB,,0,999
1961,5997,Jazz Ferguson,WR,,0,999
1962,8085,Mekhi Sargent,RB,TEN,0,999
1963,2732,Connor Hamlett,TE,,0,999
1964,41,David Garrard,QB,,0,999
1965,169,Steve Smith,WR,,0,999
1966,5024,James Washington,WR,PIT,0,9
1967,3593,Anthony Kelly,WR,,0,999
1968,1073,Taylor Thompson,TE,,0,999
1969,4605,Evan Baylis,TE,KC,0,999
1970,7086,John Hightower,WR,PHI,0,999
1971,7464,Connor Slomka,RB,,0,999
1972,5103,Dylan Cantrell,TE,WAS,0,999
1973,4319,Zach Pascal,WR,IND,0,9
1974,1718,Derek Carrier,TE,LV,0,999
1975,2596,Wes Saxton,TE,,0,999
1976,4398,De'Veon Smith,RB,,0,999
1977,6768,Tua Tagovailoa,QB,MIA,0,2
1978,7394,Jermiah Braswell,WR,,0,999
1979,3564,Tre Madden,RB,,0,999
1980,2304,Jerome Cunningham,TE,,0,999
1981,5168,Jordan Chunn,RB,NYG,0,999
1982,4983,D.J. Moore,WR,CAR,0,3
1983,3392,Daniel Lasco,RB,,0,999
1984,6386,Alex Bachman,WR,NYG,0,999
1985,5197,Rico Gafford,WR,ARI,0,999
1986,4385,Kalif Phillips,RB,,0,999
1987,6699,Gunner Olszewski,WR,NE,0,999
1988,7039,Cody White,WR,PIT,0,999
1989,6491,Adam Choice,RB,,0,999
1990,5530,Evan Berry,WR,,0,999
1991,4408,Terrell Newby,RB,,0,999
1992,7309,Siaosi Mariner,WR,BAL,0,999
1993,8041,Shane Zylstra,TE,MIN,0,999
1994,5263,Chase Litton,QB,,0,999
1995,5133,Tyler Conklin,TE,MIN,0,999
1996,571,Ryan Mathews,RB,,0,999
1997,2520,Andre Debose,WR,,0,999
1998,3106,Jerrod Johnson,QB,,0,999
1999,730,LeGarrette Blount,RB,,0,999
2000,4307,Alek Torgersen,QB,,0,999
2001,4936,Skyler Howard,QB,SEA,0,999
2002,4984,Josh Allen,QB,BUF,0,7
2003,7048,Benny LeMay,RB,IND,0,999
2004,618,Arrelious Benn,WR,,0,999
2005,455,Michael Crabtree,WR,,0,999
2006,3606,Amir Carlisle,WR,,0,999
2007,4854,River Cracraft,WR,SF,0,999
2008,832,Ryan Whalen,WR,,0,999
2009,2231,Tre Mason,RB,,0,999
2010,1004,Ben Tate,RB,,0,999
2011,1849,Jace Amaro,TE,,0,999
2012,3715,Cole Wick,TE,NO,0,999
2013,1273,Chris Owusu,WR,,0,999
2014,2783,Kenzel Doe,WR,,0,999
2015,4797,Josh Rounds,RB,,0,999
2016,8013,Tim Jones,WR,JAX,0,999
2017,7035,Kendrick Rogers,WR,,0,999
2018,5397,Trevor Moore,K,,0,999
2019,4683,Aaron Bailey,QB,BAL,0,999
2020,7005,Scottie Phillips,RB,HOU,0,999
2021,1671,Kendall Gaskins,RB,,0,999
2022,5814,Frank Stephens,WR,,0,999
2023,4490,Wyatt Houston,TE,CAR,0,999
2024,5270,Riley Ferguson,QB,,0,999
2025,1014,Richie Brockel,TE,,0,999
2026,2749,Raheem Mostert,RB,SF,0,6
2027,1110,T.Y. Hilton,WR,IND,0,999
2028,1046,Rishard Matthews,WR,,0,999
2029,538,Emmanuel Sanders,WR,BUF,0,999
2030,7368,Sean Riley,WR,,0,999
2031,4480,Jesus Wilson,WR,,0,999
2032,275,Josh Scobee,K,,0,999
2033,7065,Eli Wolf,TE,BAL,0,999
2034,5695,Brandon Powell,WR,BUF,0,999
2035,6865,Colby Parkinson,TE,SEA,0,999
2036,2291,Dontrelle Inman,WR,,0,999
2037,506,David Nelson,WR,,0,999
2038,5239,Lamar Jordan,QB,,0,999
2039,2503,AJ Derby,TE,,0,999
2040,7862,T.J. Vasher,WR,DAL,0,999
2041,215,Jason Snelling,RB,,0,999
2042,1373,Geno Smith,QB,SEA,0,999
2043,3650,Maurice Harris,WR,,0,999
2044,6154,David Sills,WR,NYG,0,999
2045,404,Jon Kitna,QB,,0,999
2046,3205,Cody Kessler,QB,,0,999
2047,3485,Henry Krieger-Coble,TE,,0,999
2048,1082,Trent Richardson,RB,,0,999
2049,3462,Jared Dangerfield,WR,,0,999
2050,2487,Geremy Davis,WR,,0,999
2051,660,Peyton Hillis,RB,,0,999
2052,6778,Chris Streveler,QB,ARI,0,999
2053,3328,Rashard Higgins,WR,CLE,0,999
2054,5776,Mark Chapman,WR,,0,999
2055,6223,Juwann Winfree,WR,GB,0,999
2056,7576,Sage Surratt,WR,DET,0,999
2057,5120,Danny Etling,QB,MIN,0,999
2058,3031,Arthur Williams,WR,,0,999
2059,1269,Bradley Sowell,TE,,0,999
2060,3150,Xavier Rush,WR,,0,999
2061,7454,Travis Jonsen,WR,TB,0,999
2062,NO,,DEF,NO,0,7
2063,6142,Caleb Wilson,TE,PHI,0,999
2064,3336,Moritz Bhringer,TE,,0,999
2065,5242,Dontez Byrd,WR,,0,999
2066,4992,Dante Pettis,WR,NYG,0,999
2067,3722,Don Jackson,RB,,0,999
2068,906,Phillip Tanner,RB,,0,999
2069,1201,Chris Givens,WR,,0,999
2070,542,Dorin Dickerson,TE,,0,999
2071,6617,Andre Lindsey,WR,KC,0,999
2072,6904,Jalen Hurts,QB,PHI,0,10
2073,6392,Jonathan Lloyd,WR,,0,999
2074,1546,Kenjon Barner,RB,,0,999
2075,2892,Rod Smith,RB,CAR,0,999
2076,7893,Dedrick Mills,RB,DET,0,999
2077,6803,Brandon Aiyuk,WR,SF,0,999
2078,4420,Cody Hollister,WR,TEN,0,999
2079,7595,Tylan Wallace,WR,BAL,0,4
2080,3924,Clayton Echard,TE,,0,999
2081,502,Bear Pascoe,TE,,0,999
2082,3917,Kendal Thompson,WR,,0,999
2083,2272,Chase Dixon,TE,,0,999
2084,6375,Jerome Washington,TE,ARI,0,999
2085,3909,Sam Ficken,K,TEN,0,999
2086,3472,David Grinnage,TE,,0,999
2087,7854,Miller Forristall,TE,TEN,0,999
2088,3355,Cody Core,WR,NYG,0,999
2089,6956,Devin Asiasi,TE,NE,0,999
2090,6892,Nate Stanley,QB,MIN,0,999
2091,1906,Jonathan Krause,WR,,0,999
2092,5244,Devin Gray,WR,BAL,0,999
2093,SF,,DEF,SF,0,999
2094,978,Kendall Hunter,RB,,0,999
2095,3488,D.J. Foster,RB,,0,999
2096,6960,Tyler Johnson,WR,TB,0,8
2097,2928,John Peters,TE,,0,999
2098,3020,Dan Light,TE,,0,999
2099,5287,Brian Bridgewater,TE,,0,999
2100,4934,Jalen Williams,WR,NYG,0,999
2101,1246,Dominique Jones,TE,,0,999
2102,7091,Aaron Parker,WR,DAL,0,999
2103,DAL,,DEF,DAL,0,999
2104,3901,Brandon Johnson,RB,,0,999
2105,4033,David Njoku,TE,CLE,0,999
2106,4669,Andre Patton,WR,PHI,0,999
2107,3810,Brandon Burks,RB,,0,999
2108,66,Tashard Choice,RB,,0,999
2109,2819,Mike Meyer,K,,0,999
2110,5465,Nick Keizer,TE,KC,0,999
2111,662,Seneca Wallace,QB,,0,999
2112,6448,Darrin Hall,RB,,0,999
2113,2588,Malcolm Brown,RB,MIA,0,999
2114,7274,Tyler Simmons,WR,PIT,0,999
2115,6268,Matthew Wright,K,DET,0,999
2116,2910,Tyler Rutenbeck,WR,,0,999
2117,5886,Hakeem Butler,TE,PHI,0,999
2118,1787,Phillip Supernaw,TE,,0,999
2119,723,Michael Robinson,RB,,0,999
2120,492,Tyler Thigpen,RB,,0,999
2121,7572,Kylin Hill,RB,GB,0,999
2122,3348,Kolby Listenbee,WR,,0,999
2123,3621,Jordan Williams-Lambert,WR,,0,999
2124,5250,Robert Foster,WR,MIA,0,999
2125,2292,Chris Matthews,WR,,0,999
2126,3802,Chris Hubert,WR,,0,999
2127,1152,Evan Rodriguez,TE,,0,999
2128,768,Scott Chandler,TE,,0,999
2129,2331,Breshad Perriman,WR,DET,0,999
2130,6989,Marquez Callaway,WR,NO,0,999
2131,2923,Connor Neighbors,RB,,0,999
2132,2394,Sean Mannion,QB,SEA,0,999
2133,4785,Kermit Whitfield,WR,,0,999
2134,4775,David Olson,QB,,0,999
2135,3495,Mike Bercovici,QB,,0,999
2136,3640,Soma Vainuku,RB,,0,999
2137,2599,Bronson Hill,RB,,0,999
2138,6233,Matt Sokol,TE,LAC,0,999
2139,4195,Jake Elliott,K,PHI,0,999
2140,2731,Akeem Hunt,RB,,0,999
2141,949,Jacquizz Rodgers,RB,,0,999
2142,2502,Bud Sasser,WR,,0,999
2143,3157,Will Fuller,WR,MIA,0,7
2144,4098,Kareem Hunt,RB,CLE,0,3
2145,3045,Gannon Sinclair,TE,,0,999
2146,7525,DeVonta Smith,WR,PHI,0,1
2147,3294,Dak Prescott,QB,DAL,0,10
2148,1250,Will Johnson,TE,,0,999
2149,4718,Dare Ogunbowale,RB,JAX,0,999
2150,4610,Deante' Gray,WR,,0,999
2151,1891,Ryan Hewitt,TE,,0,999
2152,5957,Isaac Nauta,TE,GB,0,999
2153,5745,Nick Stevens,QB,,0,999
2154,5823,Tristan Vizcaino,K,LAC,0,999
2155,1559,Mike Glennon,QB,NYG,0,999
2156,367,Jared Cook,TE,LAC,0,3
2157,2938,Cam Worthy,WR,,0,999
2158,3652,Mike Thomas,WR,CIN,0,999
2159,1610,Ryan Spadola,WR,,0,999
2160,2981,Ross Scheuerman,RB,,0,999
2161,2532,Da'Ron Brown,WR,,0,999
2162,328,Kellen Davis,TE,,0,999
2163,4670,Artavis Scott,WR,HOU,0,999
2164,7438,Kristian Wilkerson,WR,NE,0,999
2165,7317,Jared Rice,TE,,0,999
2166,2721,Chris Harper,WR,,0,999
2167,2587,Dres Anderson,WR,,0,999
2168,7414,Johnathon Johnson,WR,,0,999
2169,2635,Vernon Johnson,WR,,0,999
2170,7407,Isaiah Wright,WR,WAS,0,999
2171,1755,Keavon Milton,TE,,0,999
2172,6402,Steven Sims,WR,WAS,0,8
2173,7032,Tyrie Cleveland,WR,DEN,0,999
2174,3894,Garrett Griffin,TE,NO,0,999
2175,6805,K.J. Hamler,WR,DEN,0,10
2176,7286,Marvelle Ross,WR,,0,999
2177,4548,Joel Bouagnon,RB,,0,999
2178,2836,Kenny Cook,WR,,0,999
2179,104,Donnie Avery,WR,,0,999
2180,1481,Brad Sorensen,QB,,0,999
2181,1609,Chris Pantale,TE,,0,999
2182,7379,Rysen John,TE,NYG,0,999
2183,6553,Austin Walter,RB,NYJ,0,999
2184,7217,TreVontae Hights,WR,,0,999
2185,5772,Aaron Lacombe,WR,LAR,0,999
2186,833,Jordan Cameron,TE,,0,999
2187,7538,Zach Wilson,QB,NYJ,0,5
2188,1867,Jace Davis,WR,,0,999
2189,1060,Tommy Streeter,WR,,0,999
2190,2557,Jerry Lovelocke,QB,,0,999
2191,3583,Tevaun Smith,WR,,0,999
2192,6489,Taryn Christion,QB,,0,999
2193,7235,Aleva Hifo,WR,ARI,0,999
2194,3200,Sterling Shepard,WR,NYG,0,999
2195,1512,Marquess Wilson,WR,,0,999
2196,3312,Jonathan Williams,RB,WAS,0,999
2197,5845,Dwayne Haskins,QB,PIT,0,999
2198,5777,Malachi Jones,WR,,0,999
2199,1701,Eric Rogers,WR,,0,999
2200,1362,Josh Boyce,WR,,0,999
2201,5129,Adonis Jennings,WR,,0,999
2202,8094,Michael Jacobson,TE,SEA,0,999
2203,862,Blaine Gabbert,QB,TB,0,999
2204,3078,Jamel Johnson,WR,,0,999
2205,6396,Austin Fort,TE,DEN,0,999
2206,2325,Nelson Agholor,WR,NE,0,2
2207,388,Kyle Orton,QB,,0,999
2208,4358,Austin Duke,WR,,0,999
2209,6939,Binjimen Victor,WR,BAL,0,999
2210,2683,Andrew Franks,K,,0,999
2211,456,Deon Butler,TE,,0,999
2212,8051,Josh Johnson,RB,SEA,0,999
2213,5747,Kayaune Ross,WR,,0,999
2214,4042,Joe Williams,RB,,0,999
2215,350,Mark Sanchez,QB,,0,999
2216,6598,Trenton Irwin,WR,CIN,0,999
2217,7527,Mac Jones,QB,NE,0,1
2218,7131,Tyler Davis,TE,JAX,0,999
2219,DEN,,DEF,DEN,0,999
2220,1365,Aaron Dobson,WR,,0,999
2221,1739,Chase Ford,TE,,0,999
2222,3239,Bronson Kaufusi,TE,GB,0,999
2223,3783,Paul Turner,WR,,0,999
2224,397,Brandon Myers,TE,,0,999
2225,2684,Corbin Louks,WR,,0,999
2226,4200,Deangelo Yancey,WR,,0,999
2227,2571,Jeff Luc,TE,,0,999
2228,5903,Will Grier,QB,CAR,0,999
2229,394,Darrius Heyward-Bey,WR,,0,999
2230,6381,Alexander Hollins,WR,CLE,0,999
2231,2450,Brett Hundley,QB,IND,0,999
2232,4239,De'Angelo Henderson,RB,,0,999
2233,1760,Jamie Childers,TE,,0,999
2234,1425,Ryan Griffin,TE,NYJ,0,999
2235,3497,Darion Griswold,TE,,0,999
2236,749,Zach Miller,TE,,0,999
2237,5973,Josh Oliver,TE,BAL,0,999
2238,2723,RJ Harris,WR,,0,999
2239,3883,Romar Morris,RB,,0,999
2240,2158,Donte Foster,WR,,0,999
2241,7172,Mikey Daniel,RB,CAR,0,999
2242,587,Logan Paulsen,TE,,0,999
2243,5670,Nick Deluca,TE,,0,999
2244,4621,Caleb Bluiett,TE,,0,999
2245,6522,T.J. Linta,QB,KC,0,999
2246,5096,Ray-Ray McCloud,WR,PIT,0,999
2247,5231,Cole Hunt,TE,,0,999
2248,1642,Levine Toilolo,TE,NYG,0,999
2249,4381,Taysom Hill,QB,NO,0,999
2250,7616,Kai Locksley,WR,MIA,0,999
2251,671,Brady Quinn,QB,,0,999
2252,4938,Speedy Noil,WR,SEA,0,999
2253,6387,Nsimba Webster,WR,SF,0,999
2254,5918,Rodney Anderson,RB,,0,999
2255,2940,Desmond Lawrence,WR,,0,999
2256,2202,Je'Ron Hamm,TE,,0,999
2257,6389,Keenan Brown,TE,,0,999
2258,7404,Noah Togiai,TE,IND,0,999
2259,1665,Tobais Palmer,WR,,0,999
2260,2093,Ryan Grant,WR,,0,999
2261,7568,Brevin Jordan,TE,HOU,0,3
2262,3861,Kieren Duncan,WR,,0,999
2263,7096,Kaleb Barker,QB,,0,999
2264,7588,Javonte Williams,RB,DEN,0,10
2265,2360,Maxx Williams,TE,ARI,0,999
2266,7424,Anthony Jones,RB,,0,999
2267,1208,Brian Quick,WR,,0,999
2268,7612,D'Wayne Eskridge,WR,SEA,0,4
2269,7586,Dazz Newsome,WR,CHI,0,999
2270,1409,Justin Brown,WR,,0,999
2271,4725,Phazahn Odom,TE,,0,999
2272,1003,Trindon Holliday,WR,,0,999
2273,1476,Latavius Murray,RB,NO,0,999
2274,7716,John Bates,TE,WAS,0,999
2275,7367,Will Hastings,WR,,0,999
2276,6385,Matthew Colburn II,RB,,0,999
2277,7336,James Gilbert Jr.,RB,,0,999
2278,1349,E.J. Manuel,QB,,0,999
2279,1596,Christine Michael,RB,,0,999
2280,4508,Gabe Marks,WR,,0,999
2281,3842,Ryan O'Malley,TE,,0,999
2282,7593,Trey Sermon,RB,SF,0,6
2283,4777,Gump Hayes,RB,,0,999
2284,6501,C.J. Conrad,TE,,0,999
2285,3594,Peyton Barber,RB,WAS,0,9
2286,4602,Robert Tonyan,TE,GB,0,4
2287,1894,Colin Lockett,WR,,0,999
2288,6365,Carson Meier,TE,MIA,0,999
2289,1914,Dri Archer,RB,,0,999
2290,7262,Jalen Morton,QB,IND,0,999
2291,2236,Trey Watts,RB,,0,999
2292,4320,James Quick,WR,,0,999
2293,1105,Dwayne Allen,TE,,0,999
2294,270,Lance Moore,WR,,0,999
2295,4265,Elijah Hood,RB,,0,999
2296,1085,Brandon Weeden,QB,,0,999
2297,5791,Gerald Holmes,RB,,0,999
2298,3204,C.J. Prosise,RB,TB,0,999
2299,2197,Brandin Cooks,WR,HOU,0,3
2300,6185,Easton Stick,QB,LAC,0,999
2301,7529,Gary Brightwell,RB,NYG,0,999
2302,4806,Brandon Radcliff,RB,,0,999
2303,3866,Joe Hansley,WR,,0,999
2304,3161,Carson Wentz,QB,IND,0,10
2305,1265,Daryl Richardson,RB,,0,999
2306,3893,Reece Horn,WR,CIN,0,999
2307,4588,Kyle Sloter,QB,LV,0,999
2308,811,Stevan Ridley,RB,,0,999
2309,3357,Brandon Allen,QB,CIN,0,999
2310,3050,Myles White,WR,NYJ,0,999
2311,2755,Eric Tomlinson,TE,BAL,0,999
2312,1807,Matt Simms,QB,,0,999
2313,3896,Benson Browne,TE,,0,999
2314,7996,Dillon Stoner,WR,LV,0,999
2315,1635,Timothy Wright,TE,,0,999
2316,651,Santonio Holmes,WR,,0,999
2317,4613,Shaq Hill,WR,,0,999
2318,2969,Michael Bennett,WR,,0,999
2319,321,Jerome Simpson,WR,,0,999
2320,7574,Larry Rountree,RB,LAC,0,999
2321,1971,Donte Moncrief,WR,HOU,0,999
2322,763,Shaun Suisham,K,,0,999
2323,3690,Antwane Grant,WR,,0,999
2324,2649,Kyle Brindza,K,,0,999
2325,3630,Durron Neal,WR,,0,999
2326,2906,Braylon Bell,WR,,0,999
2327,1868,Crockett Gillmore,TE,,0,999
2328,6037,Brett Rypien,QB,DEN,0,999
2329,232,Frank Gore,RB,,0,999
2330,6769,Graham Harrell,QB,,0,999
2331,1045,Trevor Graham,WR,,0,999
2332,2058,Chris Boyd,WR,,0,999
2333,2346,Devin Funchess,WR,GB,0,999
2334,7591,Justin Fields,QB,CHI,0,6
2335,3033,Adam Drake,WR,,0,999
2336,2225,Alex Bayer,TE,,0,999
2337,1033,Chris Polk,RB,,0,999
2338,108,Steve Johnson,WR,,0,999
2339,469,Matthew Mulligan,TE,,0,999
2340,1099,Randy Bullock,K,DET,0,8
2341,4784,Levonte Whitfield,WR,,0,999
2342,7933,Alex Kessman,K,LAC,0,999
2343,7597,Kenny Yeboah,TE,NYJ,0,999
2344,2747,Jason Myers,K,SEA,0,999
2345,7752,Kawaan Baker,WR,NO,0,999
2346,8026,Landon Rice,TE,DEN,0,999
2347,4186,T.J. Logan,RB,TB,0,999
2348,874,Julius Thomas,TE,,0,999
2349,7533,Anthony Schwartz,WR,CLE,0,999
2350,1883,Keith Wenning,QB,,0,999
2351,5209,Mike Boone,RB,DEN,0,999
2352,2687,Chandler Worthy,WR,,0,999
2353,7236,Devwah Whaley,RB,,0,999
2354,7528,Najee Harris,RB,PIT,0,9
2355,4866,Saquon Barkley,RB,NYG,0,8
2356,5760,Josh Crockett,WR,,0,999
2357,177,Wes Welker,WR,,0,999
2358,468,Ben Hartsock,TE,,0,999
2359,2146,Richard Rodgers,TE,PHI,0,999
2360,6169,James Williams,RB,,0,999
2361,4863,Josh Rosen,QB,SF,0,999
2362,6964,Sean McKeon,TE,DAL,0,999
2363,6227,Nick Easley,WR,,0,999
2364,4227,Harrison Butker,K,KC,0,999
2365,6393,Elkanah Dillon,TE,,0,999
2366,4993,Mike Gesicki,TE,MIA,0,5
2367,1274,Gerell Robinson,TE,,0,999
2368,5407,Ervin Phillips,RB,,0,999
2369,7159,Reid Sinnett,QB,MIA,0,999
2370,4623,Tim Cook,RB,,0,999
2371,2144,Justin Perillo,TE,,0,999
2372,6894,Mitchell Wilcox,TE,CIN,0,999
2373,6236,Travon McMillian,RB,,0,999
2374,5612,Anthony Mahoungou,WR,,0,999
2375,7729,Dez Fitzpatrick,WR,TEN,0,4
2376,654,LaDainian Tomlinson,RB,,0,999
2377,2971,Anthony Ezeakunne,TE,,0,999
2378,7426,Seth Dawkins,WR,,0,999
2379,5403,Peter Pujals,QB,,0,999
2380,7535,Hunter Long,TE,MIA,0,5
2381,4183,Nathan Peterman,QB,LV,0,999
2382,2925,Darius Davis,WR,,0,999
2383,1720,Khiry Robinson,RB,,0,999
2384,4853,Jerod Evans,QB,,0,999
2385,6428,Taylor Cornelius,QB,,0,999
2386,2934,Jonathon Rumph,WR,,0,999
2387,3574,John Lunsford,K,,0,999
2388,1819,Orleans Darkwa,RB,,0,999
2389,2803,Bradley Marquez,WR,,0,999
2390,5253,Jordan Franks,TE,CLE,0,999
2391,4305,Tyler Renew,RB,,0,999
2392,1624,Michael Hill,RB,,0,999
2393,7587,Dyami Brown,WR,WAS,0,4
2394,312,Matt Slater,WR,NE,0,999
2395,7694,Tommy Tremble,TE,CAR,0,999
2396,1034,Brandon Bolden,RB,NE,0,999
2397,TB,,DEF,TB,0,8
2398,6012,Travis Homer,RB,SEA,0,999
2399,1091,David Paulson,TE,,0,999
2400,315,Dustin Keller,TE,,0,999
2401,1030,Damaris Johnson,WR,,0,999
2402,5950,Nyqwan Murray,WR,,0,999
2403,1560,Mike James,RB,,0,999
2404,7571,Rashod Bateman,WR,BAL,0,9
2405,4741,Dan Arnold,TE,CAR,0,999
2406,1226,AJ Jenkins,WR,,0,999
2407,2586,Dylan Thompson,QB,,0,999
2408,6372,Xavier Turner,RB,,0,999
2409,6155,Jaylen Smith,WR,,0,999
2410,5275,Jeff Badet,WR,ATL,0,999
2411,3864,Jake Lampman,WR,NO,0,999
2412,1463,Knile Davis,RB,,0,999
2413,7534,Seth Williams,WR,DEN,0,999
2414,6032,Keelan Doss,WR,LV,0,999
2415,1189,Nick Toon,WR,,0,999
2416,2474,Nick Boyle,TE,BAL,0,999
2417,4137,James Conner,RB,ARI,0,8
2418,5974,Trace McSorley,QB,BAL,0,999
2419,1449,Denard Robinson,RB,,0,999
2420,2905,Josh Reese,WR,,0,999
2421,3824,Alex Ellis,TE,LV,0,999
2422,559,Tim Tebow,TE,JAX,0,999
2423,5217,Jason Reese,TE,,0,999
2424,3481,Kyle Carter,TE,,0,999
2425,1987,Marqise Lee,WR,SF,0,999
2426,5751,Austin Roberts,TE,,0,999
2427,835,Greg Little,WR,,0,999
2428,4029,Dalvin Cook,RB,MIN,0,3
2429,2216,Mike Evans,WR,TB,0,999
2430,3402,Zac Brooks,RB,,0,999
2431,6847,Devin Duvernay,WR,BAL,0,999
2432,201,Marques Colston,WR,,0,999
2433,5892,David Montgomery,RB,CHI,0,8
2434,127,Matt Bryant,K,,0,999
2435,7949,Trevon Grimes,WR,PHI,0,999
2436,7149,Tommy Stevens,TE,NYG,0,999
2437,7713,Jaelon Darden,WR,TB,0,999
2438,168,Nick Novak,K,,0,999
2439,3840,Maxwell McCaffrey,WR,,0,999
2440,6626,Isaac Zico,WR,,0,999
2441,5385,Alec Bloom,TE,,0,999
2442,6018,Zach Gentry,TE,PIT,0,999
2443,6629,Brian Burt,WR,,0,999
2444,4723,Justin Thomas,WR,,0,999
2445,6794,Justin Jefferson,WR,MIN,0,6
2446,3811,Alstevis Squirewell,RB,,0,999
2447,6468,Matthew Eaton,WR,,0,999
2448,7103,Tavien Feaster,RB,ARI,0,999
2449,5462,Chris Ezeala,RB,,0,999
2450,91,Carson Palmer,QB,,0,999
2451,6945,Antonio Gibson,RB,WAS,0,1
2452,7544,Greg McCrae,RB,,0,999
2453,3770,Quenton Bundrage,WR,,0,999
2454,4545,Keith Towbridge,TE,,0,999
2455,3333,Temarrick Hemingway,TE,WAS,0,999
2456,223,Larry Fitzgerald,WR,,0,999
2457,2786,Jarryd Hayne,RB,,0,999
2458,812,Lee Smith,TE,ATL,0,999
2459,5987,Alexander Mattison,RB,MIN,0,6
2460,1244,Josh Gordon,WR,SEA,0,999
2461,4719,Chris Thompson,WR,SF,0,999
2462,4678,Tyrone Swoopes,TE,WAS,0,999
2463,226,Antwaan Randle El,WR,,0,999
2464,5207,Marchie Murdock,WR,,0,999
2465,2499,Randall Telfer,TE,,0,999
2466,1276,Nathan Palmer,WR,,0,999
2467,2768,Braylon Heard,RB,,0,999
2468,6115,Wes Hills,RB,,0,999
2469,984,Konrad Reuland,TE,,0,999
2470,7943,Zach Davidson,TE,MIN,0,999
2471,1333,Russell Shepard,WR,,0,999
2472,5128,Logan Woodside,QB,TEN,0,999
2473,1793,Trey Burton,TE,,0,999
2474,7734,Bruno Labelle,TE,ARI,0,999
2475,5134,Keith Kirkwood,WR,CAR,0,999
2476,4377,Montay Crockett,WR,,0,999
2477,3916,David Watford,WR,,0,999
2478,2837,Travis Harvey,WR,,0,999
2479,7956,Cade Johnson,WR,SEA,0,999
2480,2529,Marcus Murphy,RB,,0,999
2481,504,Micheal Spurlock,WR,,0,999
2482,3391,Dwayne Washington,RB,NO,0,999
2483,3514,Jake McGee,TE,,0,999
2484,3717,Joe Callahan,QB,,0,999
2485,1983,Damian Copeland,WR,,0,999
2486,2378,Tevin Coleman,RB,NYJ,0,999
2487,7581,Kellen Mond,QB,MIN,0,999
2488,4252,Isaiah Ford,WR,MIA,0,999
2489,3496,Stephen Anderson,TE,LAC,0,999
2490,7522,Hunter Thedford,TE,DET,0,999
2491,2293,Demitrius Bronson,RB,,0,999
2492,2879,Isiah Ferguson,WR,,0,999
2493,4727,Mitchell Paige,WR,,0,999
2494,7613,Jonathan Adams,WR,DET,0,999
2495,6450,David Blough,QB,DET,0,999
2496,6371,Drew Anderson,QB,,0,999
2497,5428,Ricky Jeune,WR,,0,999
2498,167,Tom Brady,QB,TB,0,4
2499,5199,Byron Pringle,WR,KC,0,999
2500,1170,Alfred Morris,RB,NYG,0,999
2501,51,Anthony Fasano,TE,,0,999
2502,5775,Jared Murphy,WR,,0,999
2503,CHI,,DEF,CHI,0,999
2504,4309,Scott Orndoff,TE,,0,999
2505,6380,Davion Davis,WR,CLE,0,999
2506,530,Jermaine Gresham,TE,,0,999
2507,KC,,DEF,KC,0,999
2508,1139,Ladarius Green,TE,,0,999
2509,6755,Tavonn Salter,WR,,0,999
2510,6932,Charlie Taumoepeau,TE,DET,0,999
2511,2431,Mike Davis,RB,ATL,0,1
2512,6011,Gardner Minshew,QB,JAX,0,999
2513,6148,Preston Williams,WR,MIA,0,999
2514,7483,Farrod Green,TE,IND,0,999
2515,5279,Quadree Henderson,WR,,0,999
2516,4926,Nick Schuessler,QB,PIT,0,999
2517,6469,Davis Koppenhaver,TE,GB,0,999
2518,6107,Emmanuel Butler,WR,,0,999
2519,1102,Keshawn Martin,WR,,0,999
2520,7771,Jake Funk,RB,LAR,0,999
2521,6263,Trevor Wood,TE,,0,999
2522,7436,Mason Kinsey,WR,TEN,0,999
2523,534,Carlton Mitchell,WR,,0,999
2524,2307,Marcus Mariota,QB,LV,0,999
2525,2082,Xavier Grimble,TE,BAL,0,999
2526,5291,J.t. Luper,WR,,0,999
2527,3420,Alonzo Russell,WR,,0,999
2528,5013,Anthony Miller,WR,HOU,0,999
2529,7378,Kyle Markway,TE,LAR,0,999
2530,4497,Tony Stevens,WR,,0,999
2531,1397,Brandon Bogotay,K,,0,999
2532,1664,Ryan Otten,TE,,0,999
2533,6996,Jamycal Hasty,RB,SF,0,999
2534,458,Justin Forsett,RB,,0,999
2535,7087,Jonathan Ward,RB,ARI,0,999
2536,8005,Tarik Black,WR,IND,0,999
2537,1111,Andrew Luck,QB,,0,999
2538,3759,Gabe Hughes,TE,,0,999
2539,2604,Manasseh Garner,WR,,0,999
2540,1221,Ryan Lindley,QB,,0,999
2541,6728,Jackson Harris,TE,,0,999
2542,934,Ryan Taylor,TE,,0,999
2543,6358,Kahlil Lewis,WR,,0,999
2544,3503,Geronimo Allison,WR,DET,0,999
2545,584,Clay Harbor,TE,,0,999
2546,4831,Justice Liggins,WR,,0,999
2547,6823,Jacob Eason,QB,IND,0,999
2548,5272,Greg Joseph,K,MIN,0,999
2549,2979,Jarrod West,WR,,0,999
2550,7218,Cam Sutton,TE,SEA,0,999
2551,4929,Ahmad Fulwood,WR,NO,0,999
2552,4767,Dane Evans,QB,,0,999
2553,719,Victor Cruz,WR,,0,999
2554,7605,Kyle Trask,QB,TB,0,999
2555,1147,James Hanna,TE,,0,999
2556,5252,Ray Lawry,RB,,0,999
2557,964,Lance Kendricks,TE,,0,999
2558,1514,Corey Fuller,WR,,0,999
2559,3548,Jamal Robinson,WR,,0,999
2560,3568,Marken Michel,WR,PHI,0,999
2561,448,Josh Freeman,QB,,0,999
2562,3524,Marquise Williams,QB,,0,999
2563,6973,J.J. Taylor,RB,NE,0,999
2564,679,Rex Grossman,QB,,0,999
2565,3321,Tyreek Hill,WR,KC,0,10
2566,6370,Damion Jeanpiere,WR,,0,999
2567,7157,Josh Love,QB,,0,999
2568,4372,Jarveon Williams,RB,,0,999
2569,8090,Daniel Crawford,TE,GB,0,999
2570,4038,John Ross,WR,NYG,0,999
2571,6136,Jarrett Stidham,QB,NE,0,999
2572,4367,Monty Madaris,WR,CIN,0,999
2573,5395,Shaun Wilson,RB,,0,999
2574,4943,Sam Darnold,QB,CAR,0,6
2575,5549,Darrel Williams,RB,KC,0,10
2576,2611,Kasen Williams,WR,,0,999
2577,3319,Trevor Davis,WR,ATL,0,999
2578,5140,Jaelon Acklin,WR,,0,999
2579,4068,Mike Williams,WR,LAC,0,8
2580,5164,Simmie Cobbs,WR,,0,999
2581,507,C.J. Spiller,RB,,0,999
2582,2549,Trevor Siemian,QB,NO,0,999
2583,7056,Darrell Stewart Jr.,WR,,0,999
2584,5817,Byron Leftwich,QB,,0,999
2585,4040,JuJu Smith-Schuster,WR,PIT,0,1
2586,2004,Cody Latimer,WR,,0,999
2587,4917,Daryl Virgies,RB,NYG,0,999
2588,688,Tony Scheffler,TE,,0,999
2589,2114,Senorise Perry,RB,,0,999
2590,1,GJ Kinne,QB,,0,999
2591,1408,Le'Veon Bell,RB,,0,999
2592,7789,Jalen Camp,WR,JAX,0,6
2593,BUF,,DEF,BUF,0,1
2594,3371,Darius Jackson,RB,HOU,0,999
2595,735,Danny Woodhead,RB,,0,999
2596,4222,Brad Kaaya,QB,,0,999
2597,7548,Tyler Vaughns,WR,IND,0,999
2598,627,Andre Roberts,WR,HOU,0,999
2599,611,Jimmy Clausen,QB,,0,999
2600,4520,Travin Dural,WR,,0,999
2601,6137,Tommy Sweeney,TE,BUF,0,999
2602,4928,Anas Hasic,WR,KC,0,999
2603,4950,Christian Kirk,WR,ARI,0,6
2604,5322,James Looney,TE,,0,999
2605,5590,Jordan Smallwood,WR,,0,999
2606,326,Darren McFadden,RB,,0,999
2607,317,Caleb Hanie,QB,,0,999
2608,1992,Allen Robinson,WR,CHI,0,7
2609,4744,Barrett Burns,TE,BAL,0,999
2610,1456,Tavarres King,WR,,0,999
2611,2922,Devin Mahina,TE,,0,999
2612,389,Matt Cassel,QB,,0,999
2613,4651,Corey Clement,RB,NYG,0,999
2614,6943,Gabriel Davis,WR,BUF,0,5
2615,6016,Dax Raymond,TE,PIT,0,999
2616,5278,Jarvion Franklin,RB,,0,999
2617,4641,Keeon Johnson,WR,,0,999
2618,2038,Jake Murphy,TE,,0,999
2619,638,Kyle Williams,WR,,0,999
2620,6359,CJ Worton,WR,,0,999
2621,2048,Marion Grice,RB,,0,999
2622,4997,Mark Walton,RB,,0,999
2623,4364,Karel Hamilton,WR,,0,999
2624,4127,C.J. Beathard,QB,JAX,0,999
2625,5828,Diontae Spencer,WR,DEN,0,999
2626,6820,Clyde Edwards-Helaire,RB,KC,0,6
2627,5094,Ryan Izzo,TE,HOU,0,999
2628,7244,Ja'Marcus Bradley,WR,CLE,0,999
2629,5356,Jeremiah Briscoe,QB,,0,999
2630,2701,AJ Cruz,WR,,0,999
2631,7545,Marlon Williams,WR,HOU,0,999
2632,1842,Derrick Johnson,WR,,0,999
2633,7203,Antonio Williams,RB,BUF,0,999
2634,7335,Bryce Perkins,QB,LAR,0,999
2635,6147,Clayton Thorson,QB,NYG,0,999
2636,7720,Kene Nwangwu,RB,MIN,0,999
2637,1007,Kevin Brock,TE,,0,999
2638,4131,Kenny Golladay,WR,NYG,0,2
2639,396,Louis Murphy,WR,,0,999
2640,3440,Josh Woodrum,QB,,0,999
2641,3561,Bryce Williams,TE,,0,999
2642,7599,Jermar Jefferson,RB,DET,0,4
2643,2221,Solomon Patton,WR,,0,999
2644,4326,Bug Howard,TE,BUF,0,999
2645,7396,Devin Phelps,WR,,0,999
2646,5460,Kaare Vedvik,K,WAS,0,999
2647,4401,Damore'ea Stringfellow,WR,,0,999
2648,5269,Codey McElroy,TE,TB,0,999
2649,5844,T.J. Hockenson,TE,DET,0,7
2650,2217,Robert Herron,WR,,0,999
2651,7570,Ronnie Bell,WR,,0,999
2652,465,Brandon Pettigrew,TE,,0,999
2653,2412,Justin Hardy,WR,CHI,0,999
2654,7794,Chris Evans,RB,CIN,0,999
2655,230,Robert Meachem,WR,,0,999
2656,333,Ryan Fitzpatrick,QB,WAS,0,999
2657,6819,Michael Pittman,WR,IND,0,5
2658,3464,Marquez North,WR,,0,999
2659,2049,Javontee Herndon,WR,,0,999
2660,4491,Marcus Kemp,WR,KC,0,999
2661,1231,Greg Scruggs,TE,,0,999
2662,2382,Duke Johnson,RB,,0,999
2663,6857,Collin Johnson,WR,JAX,0,999
2664,7614,Darius Clark,RB,CAR,0,999
2665,5176,Davon Grayson,WR,,0,999
2666,6081,Kendall Blanton,TE,LAR,0,999
2667,6362,Dredrick Snelson,WR,JAX,0,999
2668,1527,Eddie Lacy,RB,,0,999
2669,6738,Cedric Benson,RB,,0,999
2670,3774,Jason Vander Laan,TE,NO,0,999
2671,7518,Taylor Russolino,K,,0,999
2672,7573,Damon Hazelton,WR,HOU,0,999
2673,4569,Brian Brown,WR,,0,999
2674,1535,Cordarrelle Patterson,RB,ATL,0,999
2675,6237,Wilton Speight,QB,,0,999
2676,377,Donald Brown,RB,,0,999
2677,4153,Jordan Leggett,TE,DEN,0,999
2678,6920,Isaiah Hodgins,WR,BUF,0,999
2679,2682,Christion Jones,WR,,0,999
2680,5558,Marcus Martin,RB,,0,999
2681,5985,Foster Moreau,TE,LV,0,8
2682,5941,Felton Davis,WR,,0,999
2683,6130,Devin Singletary,RB,BUF,0,999
2684,6163,Alex Wesley,WR,,0,999
2685,5131,Justin Jackson,RB,LAC,0,10
2686,4443,Pharaoh Brown,TE,HOU,0,999
2687,1911,Willie Snead,WR,LV,0,999
2688,1592,Darren Fells,TE,DET,0,999
2689,5786,Marcus Peterson,WR,,0,999
2690,MIN,,DEF,MIN,0,999
2691,1691,Chuck Jacobs,WR,,0,999
2692,366,Kenny Britt,WR,,0,999
2693,764,Derek Hagan,WR,,0,999
2694,2229,Garrett Gilbert,QB,DAL,0,999
2695,3418,Mekale McKay,WR,,0,999
2696,2095,Rashad Lawrence,WR,,0,999
2697,3920,Harvey Binford,WR,,0,999
2698,DET,,DEF,DET,0,999
2699,4314,Johnny Mundt,TE,LAR,0,999
2700,7537,Jaret Patterson,RB,WAS,0,999
2701,3397,Keith Marshall,RB,,0,999
2702,1601,Spencer Ware,RB,CHI,0,999
2703,269,Pierre Garcon,WR,,0,999
2704,3940,Chase Price,RB,,0,999
2705,5010,Will Dissly,TE,SEA,0,999
2706,7566,Damonte Coxie,WR,,0,999
2707,6049,Tyre Brady,WR,,0,999
2708,2205,Seantavius Jones,WR,,0,999
2709,7562,Tutu Atwell,WR,LAR,0,8
2710,2685,Jordan Taylor,WR,,0,999
2711,3612,Hakeem Valles,TE,,0,999
2712,2373,Clive Walford,TE,,0,999
2713,7618,Micah Simon,WR,CAR,0,999
2714,6797,Justin Herbert,QB,LAC,0,5
2715,3834,KJ Brent,WR,,0,999
2716,5699,Matt Fleming,WR,CHI,0,999
2717,716,Steve Maneri,TE,,0,999
2718,999,Marcus Easley,WR,,0,999
2719,1262,Alex Tanney,QB,NYG,0,999
2720,2219,Patrick Murray,K,,0,999
2721,6364,Papi White,WR,,0,999
2722,6164,Kahale Warring,TE,HOU,0,999
2723,1165,Adrien Robinson,TE,,0,999
2724,6002,Qadree Ollison,RB,ATL,0,999
2725,2569,Jake Waters,QB,,0,999
2726,5282,Duplicate Player,WR,CHI,0,999
2727,5878,N'Keal Harry,WR,NE,0,999
2728,2442,Rashad Greene,WR,,0,999
2729,7107,Jason Huntley,RB,PHI,0,999
2730,3177,Corey Coleman,WR,NYG,0,999
2731,4460,Cole Hikutini,TE,NYG,0,999
2732,7110,Kelly Bryant,QB,,0,999
2733,4273,Chris Carson,RB,SEA,0,5
2734,2104,Ka'Deem Carey,RB,,0,999
2735,1619,Demetrius Harris,TE,ARI,0,999
2736,810,Ryan Mallett,QB,,0,999
2737,1798,Josh Huff,WR,,0,999
2738,4421,Jacob Hollister,TE,BUF,0,999
2739,245,Thomas Howard,K,,0,999
2740,6290,Scott Miller,WR,TB,0,999
2741,4463,Tyler McCloskey,RB,,0,999
2742,3208,Kenneth Dixon,RB,,0,999
2743,2506,Josh Robinson,RB,,0,999
2744,5154,Trent Sherfield,WR,SF,0,999
2745,415,Earl Bennett,WR,,0,999
2746,3515,KJ Maye,WR,,0,999
2747,4169,Jehu Chesson,WR,,0,999
2748,857,T.J. Yates,QB,,0,999
2749,3554,David Reeves,TE,,0,999
2750,3922,Montario Hunter,WR,,0,999
2751,3019,James Butler,WR,,0,999
2752,4108,Carlos Henderson,WR,,0,999
2753,6712,Marcus Simms,WR,,0,999
2754,7983,Collin Hill,QB,CIN,0,999
2755,541,Damian Williams,WR,,0,999
2756,2602,Darius Jennings,WR,DET,0,999
2757,2790,Nigel King,WR,,0,999
2758,3163,Jared Goff,QB,DET,0,3
2759,331,Philip Rivers,QB,,0,3
2760,3505,Dom Williams,WR,,0,999
2761,2787,David Porter,WR,,0,999
2762,5588,Paul Butler,TE,,0,999
2763,2514,Kennard Backman,TE,,0,999
2764,6591,Charles Jones,TE,PIT,0,999
2765,2615,Doug McNeil,WR,,0,999
2766,3407,Beau Sandland,TE,,0,999
2767,7557,Peyton Hendershot,TE,,0,999
2768,8040,Quinn Nordin,K,NE,0,999
2769,3516,Mitch Mathews,WR,,0,999
2770,5136,Josh Adams,RB,NYJ,0,999
2771,3457,Rashawn Scott,WR,,0,999
2772,7460,Jake Burt,TE,NE,0,999
2773,3100,Ronnie Shields,TE,,0,999
2774,5550,J.D. Moore,RB,,0,999
2775,2182,Kelvin Benjamin,WR,NYG,0,999
2776,6702,Andrew Jacas,K,,0,999
2777,3310,Jordan Payton,WR,,0,999
2778,279,Devin Hester,WR,,0,999
2779,604,Toby Gerhart,RB,,0,999
2780,5374,Justin Watson,WR,TB,0,999
2781,2380,Garrett Grayson,QB,,0,999
2782,86,Dante Rosario,TE,,0,999
2783,2276,Kevin Norwood,WR,,0,999
2784,1234,Russell Wilson,QB,SEA,0,5
2785,7990,Garrett Groshek,RB,LV,0,999
2786,7499,Paul Quessenberry,TE,HOU,0,999
2787,1650,Cameron Marshall,RB,,0,999
2788,2912,Joshua Stangby,WR,,0,999
2789,1195,Doug Martin,RB,,0,999
2790,3914,Dobson Collins,WR,,0,999
2791,7746,Austin Trammell,WR,ATL,0,999
2792,241,Spencer Larsen,RB,,0,999
2793,3684,Derek Keaton,WR,,0,999
2794,7459,Rashod Berry,TE,NE,0,999
2795,5135,Saeed Blacknall,WR,,0,999
